Feature,Coefficient,Compartment,Feature_Type,Measurement,Channel,Rank
Cytoplasm_Correlation_Correlation_Actin_ER,0.6607060550119804,Cytoplasm,Correlation,Correlation,Actin,1
Cytoplasm_Texture_InverseDifferenceMoment_Actin_3_00_256,0.5033423991742987,Cytoplasm,Texture,InverseDifferenceMoment,Actin,2
Cells_Texture_AngularSecondMoment_Actin_3_01_256,0.49086734553121925,Cells,Texture,AngularSecondMoment,Actin,3
Cytoplasm_Intensity_LowerQuartileIntensity_Hoechst,0.464376614063609,Cytoplasm,Intensity,LowerQuartileIntensity,Hoechst,4
Cytoplasm_Granularity_1_Mitochondria,0.43406408113640793,Cytoplasm,Granularity,1,Mitochondria,5
Nuclei_RadialDistribution_RadialCV_Mitochondria_2of4,0.31625197171993713,Nuclei,RadialDistribution,RadialCV,Mitochondria,6
Nuclei_Intensity_MinIntensity_Actin,0.3134722480460067,Nuclei,Intensity,MinIntensity,Actin,7
Cytoplasm_Texture_InverseDifferenceMoment_Actin_3_02_256,0.3112688098429281,Cytoplasm,Texture,InverseDifferenceMoment,Actin,8
Cells_Granularity_1_Hoechst,0.3057363759718389,Cells,Granularity,1,Hoechst,9
Cytoplasm_Texture_Contrast_Actin_3_02_256,0.2986858715046308,Cytoplasm,Texture,Contrast,Actin,10
Nuclei_Intensity_MinIntensity_PM,0.2881817671726321,Nuclei,Intensity,MinIntensity,PM,11
Cells_Intensity_MinIntensity_Actin,0.27832045057522486,Cells,Intensity,MinIntensity,Actin,12
Cytoplasm_Texture_InfoMeas1_Mitochondria_3_01_256,0.27346953708990407,Cytoplasm,Texture,InfoMeas1,Mitochondria,13
Nuclei_Intensity_MeanIntensityEdge_Hoechst,0.2615937204486493,Nuclei,Intensity,MeanIntensityEdge,Hoechst,14
Nuclei_Texture_AngularSecondMoment_PM_3_01_256,0.2531378629825002,Nuclei,Texture,AngularSecondMoment,PM,15
Cells_Neighbors_PercentTouching_Adjacent,0.23802856907953954,Cells,Neighbors,PercentTouching,Adjacent,16
Nuclei_Granularity_1_PM,0.23622412204329143,Nuclei,Granularity,1,PM,17
Cytoplasm_Texture_DifferenceVariance_Actin_3_01_256,0.22912898552192762,Cytoplasm,Texture,DifferenceVariance,Actin,18
Cells_Correlation_RWC_Hoechst_ER,0.2250014932870002,Cells,Correlation,RWC,Hoechst,19
Cells_RadialDistribution_ZernikeMagnitude_Mitochondria_8_2,0.21762025823947656,Cells,RadialDistribution,ZernikeMagnitude,Mitochondria,20
Nuclei_RadialDistribution_ZernikeMagnitude_ER_4_0,0.21331117362444374,Nuclei,RadialDistribution,ZernikeMagnitude,ER,21
Cytoplasm_Texture_Contrast_Actin_3_00_256,0.20635280109930826,Cytoplasm,Texture,Contrast,Actin,22
Nuclei_Correlation_RWC_Mitochondria_ER,0.2048706178394562,Nuclei,Correlation,RWC,Mitochondria,23
Cytoplasm_Texture_InverseDifferenceMoment_PM_3_00_256,0.20390827601813252,Cytoplasm,Texture,InverseDifferenceMoment,PM,24
Cytoplasm_Intensity_LowerQuartileIntensity_PM,0.20184569777338604,Cytoplasm,Intensity,LowerQuartileIntensity,PM,25
Cytoplasm_Texture_InverseDifferenceMoment_ER_3_01_256,0.19386273941618723,Cytoplasm,Texture,InverseDifferenceMoment,ER,26
Cytoplasm_Granularity_2_Mitochondria,0.19203210108092028,Cytoplasm,Granularity,2,Mitochondria,27
Nuclei_Intensity_MassDisplacement_Hoechst,0.19200627356150998,Nuclei,Intensity,MassDisplacement,Hoechst,28
Cytoplasm_Intensity_MeanIntensity_Hoechst,0.19073993277055154,Cytoplasm,Intensity,MeanIntensity,Hoechst,29
Nuclei_RadialDistribution_MeanFrac_ER_3of4,0.19055573911804924,Nuclei,RadialDistribution,MeanFrac,ER,30
Nuclei_AreaShape_Zernike_2_2,0.18751979562848847,Nuclei,AreaShape,Zernike,2,31
Nuclei_AreaShape_Zernike_8_8,0.18488618912199506,Nuclei,AreaShape,Zernike,8,32
Cells_Correlation_Correlation_Actin_Hoechst,0.18037610030262127,Cells,Correlation,Correlation,Actin,33
Cytoplasm_RadialDistribution_ZernikeMagnitude_Hoechst_9_7,0.17636012463506298,Cytoplasm,RadialDistribution,ZernikeMagnitude,Hoechst,34
Nuclei_Correlation_RWC_Mitochondria_PM,0.16873321422223012,Nuclei,Correlation,RWC,Mitochondria,35
Nuclei_RadialDistribution_ZernikeMagnitude_Mitochondria_8_6,0.1663589316828675,Nuclei,RadialDistribution,ZernikeMagnitude,Mitochondria,36
Nuclei_Texture_InfoMeas1_ER_3_02_256,0.16428974434148935,Nuclei,Texture,InfoMeas1,ER,37
Cytoplasm_Texture_DifferenceEntropy_Mitochondria_3_01_256,0.16337272884096712,Cytoplasm,Texture,DifferenceEntropy,Mitochondria,38
Nuclei_Texture_InfoMeas1_Mitochondria_3_01_256,0.16257296747255073,Nuclei,Texture,InfoMeas1,Mitochondria,39
Cytoplasm_Intensity_MaxIntensity_ER,0.1610375229194189,Cytoplasm,Intensity,MaxIntensity,ER,40
Nuclei_RadialDistribution_MeanFrac_PM_2of4,0.1569325896686494,Nuclei,RadialDistribution,MeanFrac,PM,41
Nuclei_Texture_Correlation_PM_3_01_256,0.15639240806510485,Nuclei,Texture,Correlation,PM,42
Cytoplasm_RadialDistribution_ZernikeMagnitude_Actin_6_0,0.1490665041905127,Cytoplasm,RadialDistribution,ZernikeMagnitude,Actin,43
Cells_RadialDistribution_RadialCV_Hoechst_2of4,0.14822733635235508,Cells,RadialDistribution,RadialCV,Hoechst,44
Nuclei_Intensity_MassDisplacement_ER,0.14458989632670294,Nuclei,Intensity,MassDisplacement,ER,45
Nuclei_Granularity_1_Mitochondria,0.1429014262128931,Nuclei,Granularity,1,Mitochondria,46
Nuclei_Correlation_Overlap_Hoechst_PM,0.13819111952297544,Nuclei,Correlation,Overlap,Hoechst,47
Cytoplasm_RadialDistribution_ZernikeMagnitude_PM_4_0,0.13452067224876244,Cytoplasm,RadialDistribution,ZernikeMagnitude,PM,48
Cells_Intensity_MaxIntensityEdge_Mitochondria,0.13304819973981138,Cells,Intensity,MaxIntensityEdge,Mitochondria,49
Cells_RadialDistribution_ZernikeMagnitude_PM_8_8,0.13156922926870315,Cells,RadialDistribution,ZernikeMagnitude,PM,50
Cells_Correlation_Correlation_Actin_Mitochondria,0.12668060299708264,Cells,Correlation,Correlation,Actin,51
Nuclei_RadialDistribution_RadialCV_ER_4of4,0.12546476472674178,Nuclei,RadialDistribution,RadialCV,ER,52
Nuclei_RadialDistribution_ZernikeMagnitude_ER_5_5,0.1248533599338956,Nuclei,RadialDistribution,ZernikeMagnitude,ER,53
Cells_Texture_AngularSecondMoment_ER_3_01_256,0.12300396456213075,Cells,Texture,AngularSecondMoment,ER,54
Cytoplasm_Texture_DifferenceVariance_PM_3_00_256,0.12286815477621679,Cytoplasm,Texture,DifferenceVariance,PM,55
Nuclei_Texture_InfoMeas1_Hoechst_3_02_256,0.12186438823425048,Nuclei,Texture,InfoMeas1,Hoechst,56
Nuclei_Intensity_MinIntensityEdge_Hoechst,0.11681427131143012,Nuclei,Intensity,MinIntensityEdge,Hoechst,57
Cells_Texture_AngularSecondMoment_PM_3_01_256,0.11603242008354545,Cells,Texture,AngularSecondMoment,PM,58
Cytoplasm_Texture_InverseDifferenceMoment_ER_3_02_256,0.11509504914745801,Cytoplasm,Texture,InverseDifferenceMoment,ER,59
Cells_AreaShape_Zernike_9_1,0.11505607269494865,Cells,AreaShape,Zernike,9,60
Nuclei_Correlation_Correlation_ER_PM,0.110987499694289,Nuclei,Correlation,Correlation,ER,61
Nuclei_RadialDistribution_ZernikeMagnitude_Hoechst_4_0,0.10896949791719589,Nuclei,RadialDistribution,ZernikeMagnitude,Hoechst,62
Cytoplasm_RadialDistribution_RadialCV_Actin_2of4,0.10877341943932245,Cytoplasm,RadialDistribution,RadialCV,Actin,63
Nuclei_AreaShape_Zernike_6_4,0.1062676890770373,Nuclei,AreaShape,Zernike,6,64
Cytoplasm_AreaShape_Zernike_9_7,0.10383982802512057,Cytoplasm,AreaShape,Zernike,9,65
Nuclei_Texture_DifferenceVariance_PM_3_00_256,0.10371449699888285,Nuclei,Texture,DifferenceVariance,PM,66
Nuclei_Texture_InfoMeas1_ER_3_00_256,0.1031689290833421,Nuclei,Texture,InfoMeas1,ER,67
Cells_RadialDistribution_MeanFrac_Actin_3of4,0.10138533725454119,Cells,RadialDistribution,MeanFrac,Actin,68
Cells_AreaShape_Zernike_4_0,0.09933416681340451,Cells,AreaShape,Zernike,4,69
Cytoplasm_RadialDistribution_RadialCV_Hoechst_1of4,0.09880122965613063,Cytoplasm,RadialDistribution,RadialCV,Hoechst,70
Nuclei_RadialDistribution_ZernikeMagnitude_ER_9_7,0.09852699482506642,Nuclei,RadialDistribution,ZernikeMagnitude,ER,71
Nuclei_RadialDistribution_ZernikeMagnitude_Actin_6_6,0.09605871179277037,Nuclei,RadialDistribution,ZernikeMagnitude,Actin,72
Cytoplasm_RadialDistribution_RadialCV_Actin_1of4,0.09477856424439784,Cytoplasm,RadialDistribution,RadialCV,Actin,73
Cells_RadialDistribution_MeanFrac_PM_4of4,0.0921386565546535,Cells,RadialDistribution,MeanFrac,PM,74
Cytoplasm_RadialDistribution_ZernikeMagnitude_Actin_1_1,0.0901632152971301,Cytoplasm,RadialDistribution,ZernikeMagnitude,Actin,75
Cytoplasm_RadialDistribution_ZernikeMagnitude_Hoechst_9_9,0.09008044260754249,Cytoplasm,RadialDistribution,ZernikeMagnitude,Hoechst,76
Cytoplasm_RadialDistribution_ZernikeMagnitude_ER_4_4,0.0886580266771857,Cytoplasm,RadialDistribution,ZernikeMagnitude,ER,77
Cytoplasm_Texture_InfoMeas2_Hoechst_3_02_256,0.0885528757567883,Cytoplasm,Texture,InfoMeas2,Hoechst,78
Nuclei_RadialDistribution_RadialCV_Mitochondria_3of4,0.08847744960818595,Nuclei,RadialDistribution,RadialCV,Mitochondria,79
Cytoplasm_RadialDistribution_ZernikeMagnitude_Hoechst_8_0,0.08688972025561471,Cytoplasm,RadialDistribution,ZernikeMagnitude,Hoechst,80
Cytoplasm_Texture_Contrast_Actin_3_03_256,0.0860032930361308,Cytoplasm,Texture,Contrast,Actin,81
Nuclei_RadialDistribution_ZernikeMagnitude_ER_9_1,0.0851759871436572,Nuclei,RadialDistribution,ZernikeMagnitude,ER,82
Cells_RadialDistribution_ZernikeMagnitude_ER_8_6,0.08439430137382035,Cells,RadialDistribution,ZernikeMagnitude,ER,83
Cells_RadialDistribution_ZernikeMagnitude_Actin_2_2,0.08159911944154165,Cells,RadialDistribution,ZernikeMagnitude,Actin,84
Cells_RadialDistribution_ZernikeMagnitude_Mitochondria_9_9,0.0803454260143692,Cells,RadialDistribution,ZernikeMagnitude,Mitochondria,85
Nuclei_Correlation_Overlap_Hoechst_Mitochondria,0.07972444507837333,Nuclei,Correlation,Overlap,Hoechst,86
Nuclei_RadialDistribution_ZernikeMagnitude_Hoechst_1_1,0.07914068244997699,Nuclei,RadialDistribution,ZernikeMagnitude,Hoechst,87
Cells_AreaShape_Zernike_8_2,0.07833668152346787,Cells,AreaShape,Zernike,8,88
Cytoplasm_Intensity_MaxIntensityEdge_Actin,0.07752679994084861,Cytoplasm,Intensity,MaxIntensityEdge,Actin,89
Cells_RadialDistribution_ZernikeMagnitude_Hoechst_9_5,0.07715427962325704,Cells,RadialDistribution,ZernikeMagnitude,Hoechst,90
Cells_RadialDistribution_FracAtD_Actin_1of4,0.07696596690540412,Cells,RadialDistribution,FracAtD,Actin,91
Cytoplasm_RadialDistribution_MeanFrac_Actin_3of4,0.07646117850423371,Cytoplasm,RadialDistribution,MeanFrac,Actin,92
Cells_AreaShape_ConvexArea,0.07453123940964207,Cells,AreaShape,ConvexArea,,93
Cytoplasm_AreaShape_Zernike_8_4,0.07408424427138231,Cytoplasm,AreaShape,Zernike,8,94
Nuclei_Correlation_Correlation_Mitochondria_PM,0.07401099266227969,Nuclei,Correlation,Correlation,Mitochondria,95
Nuclei_RadialDistribution_ZernikeMagnitude_Hoechst_4_4,0.07274579821658979,Nuclei,RadialDistribution,ZernikeMagnitude,Hoechst,96
Cytoplasm_Correlation_Correlation_Mitochondria_PM,0.07241383007974876,Cytoplasm,Correlation,Correlation,Mitochondria,97
Cytoplasm_RadialDistribution_ZernikeMagnitude_Mitochondria_9_1,0.07214440658136453,Cytoplasm,RadialDistribution,ZernikeMagnitude,Mitochondria,98
Cells_AreaShape_Extent,0.07131747029164441,Cells,AreaShape,Extent,,99
Cells_RadialDistribution_ZernikeMagnitude_Actin_5_1,0.07085946788581252,Cells,RadialDistribution,ZernikeMagnitude,Actin,100
Nuclei_RadialDistribution_ZernikeMagnitude_Hoechst_2_2,0.0707349474836907,Nuclei,RadialDistribution,ZernikeMagnitude,Hoechst,101
Nuclei_AreaShape_Zernike_8_2,0.07007498620249596,Nuclei,AreaShape,Zernike,8,102
Nuclei_AreaShape_Zernike_9_7,0.06911905339676515,Nuclei,AreaShape,Zernike,9,103
Nuclei_RadialDistribution_ZernikeMagnitude_Hoechst_8_4,0.06904018102734222,Nuclei,RadialDistribution,ZernikeMagnitude,Hoechst,104
Cells_RadialDistribution_ZernikeMagnitude_ER_9_7,0.06568370818096046,Cells,RadialDistribution,ZernikeMagnitude,ER,105
Nuclei_RadialDistribution_RadialCV_ER_1of4,0.0655767808262931,Nuclei,RadialDistribution,RadialCV,ER,106
Cytoplasm_Texture_DifferenceEntropy_Mitochondria_3_02_256,0.06557066408445293,Cytoplasm,Texture,DifferenceEntropy,Mitochondria,107
Nuclei_RadialDistribution_ZernikeMagnitude_PM_4_2,0.0651872855036719,Nuclei,RadialDistribution,ZernikeMagnitude,PM,108
Nuclei_RadialDistribution_ZernikeMagnitude_Hoechst_3_3,0.06476025764292113,Nuclei,RadialDistribution,ZernikeMagnitude,Hoechst,109
Cytoplasm_Texture_InfoMeas1_Mitochondria_3_02_256,0.06464219798660673,Cytoplasm,Texture,InfoMeas1,Mitochondria,110
Cytoplasm_RadialDistribution_ZernikeMagnitude_PM_9_5,0.06438423402922691,Cytoplasm,RadialDistribution,ZernikeMagnitude,PM,111
Nuclei_RadialDistribution_ZernikeMagnitude_PM_8_2,0.06424021703331918,Nuclei,RadialDistribution,ZernikeMagnitude,PM,112
Nuclei_Correlation_K_Actin_Mitochondria,0.06217316254499544,Nuclei,Correlation,K,Actin,113
Cytoplasm_RadialDistribution_FracAtD_Mitochondria_1of4,0.06199257773738041,Cytoplasm,RadialDistribution,FracAtD,Mitochondria,114
Cells_RadialDistribution_MeanFrac_Hoechst_3of4,0.061792996685328574,Cells,RadialDistribution,MeanFrac,Hoechst,115
Cytoplasm_AreaShape_Zernike_6_4,0.06084238873005357,Cytoplasm,AreaShape,Zernike,6,116
Nuclei_Texture_InfoMeas1_Mitochondria_3_03_256,0.060521046414607184,Nuclei,Texture,InfoMeas1,Mitochondria,117
Cells_AreaShape_FormFactor,0.059583229897834905,Cells,AreaShape,FormFactor,,118
Cytoplasm_AreaShape_Zernike_7_5,0.05947206315538349,Cytoplasm,AreaShape,Zernike,7,119
Nuclei_AreaShape_Zernike_8_6,0.05870870987132258,Nuclei,AreaShape,Zernike,8,120
Nuclei_RadialDistribution_ZernikeMagnitude_Mitochondria_9_5,0.057494041730453,Nuclei,RadialDistribution,ZernikeMagnitude,Mitochondria,121
Cells_RadialDistribution_FracAtD_Hoechst_3of4,0.05674023883823442,Cells,RadialDistribution,FracAtD,Hoechst,122
Nuclei_AreaShape_Zernike_5_5,0.05589408891567584,Nuclei,AreaShape,Zernike,5,123
Cytoplasm_RadialDistribution_ZernikeMagnitude_Actin_4_2,0.05574397531747454,Cytoplasm,RadialDistribution,ZernikeMagnitude,Actin,124
Cytoplasm_AreaShape_Zernike_7_3,0.055568035864626976,Cytoplasm,AreaShape,Zernike,7,125
Cells_RadialDistribution_ZernikeMagnitude_Actin_8_4,0.05530406511624571,Cells,RadialDistribution,ZernikeMagnitude,Actin,126
Cytoplasm_RadialDistribution_FracAtD_Actin_3of4,0.0534566098170256,Cytoplasm,RadialDistribution,FracAtD,Actin,127
Cytoplasm_Texture_DifferenceEntropy_Mitochondria_3_03_256,0.051551147888232556,Cytoplasm,Texture,DifferenceEntropy,Mitochondria,128
Nuclei_RadialDistribution_ZernikeMagnitude_ER_8_4,0.05133731167282037,Nuclei,RadialDistribution,ZernikeMagnitude,ER,129
Nuclei_RadialDistribution_ZernikeMagnitude_Hoechst_4_2,0.051015172744194794,Nuclei,RadialDistribution,ZernikeMagnitude,Hoechst,130
Nuclei_RadialDistribution_ZernikeMagnitude_Hoechst_9_9,0.05075089330730253,Nuclei,RadialDistribution,ZernikeMagnitude,Hoechst,131
Cells_Intensity_MaxIntensityEdge_PM,0.050298756216855284,Cells,Intensity,MaxIntensityEdge,PM,132
Nuclei_Texture_AngularSecondMoment_Actin_3_01_256,0.05004688468451164,Nuclei,Texture,AngularSecondMoment,Actin,133
Cytoplasm_AreaShape_Zernike_7_1,0.04951146251799274,Cytoplasm,AreaShape,Zernike,7,134
Cytoplasm_Texture_Contrast_ER_3_00_256,0.04890490280029516,Cytoplasm,Texture,Contrast,ER,135
Nuclei_Texture_InfoMeas1_Mitochondria_3_00_256,0.04583222958601247,Nuclei,Texture,InfoMeas1,Mitochondria,136
Nuclei_RadialDistribution_RadialCV_Hoechst_3of4,0.04531027309068765,Nuclei,RadialDistribution,RadialCV,Hoechst,137
Cytoplasm_AreaShape_Zernike_9_1,0.04342339716809066,Cytoplasm,AreaShape,Zernike,9,138
Nuclei_Correlation_RWC_ER_Mitochondria,0.04316024905290496,Nuclei,Correlation,RWC,ER,139
Nuclei_Texture_InfoMeas1_PM_3_02_256,0.0429605364612295,Nuclei,Texture,InfoMeas1,PM,140
Cytoplasm_RadialDistribution_ZernikeMagnitude_Actin_3_1,0.04214693004629311,Cytoplasm,RadialDistribution,ZernikeMagnitude,Actin,141
Cytoplasm_Correlation_Correlation_ER_PM,0.042146810643015106,Cytoplasm,Correlation,Correlation,ER,142
Cells_Texture_DifferenceVariance_Hoechst_3_03_256,0.04200527106143175,Cells,Texture,DifferenceVariance,Hoechst,143
Cells_AreaShape_Zernike_7_3,0.04131815615868269,Cells,AreaShape,Zernike,7,144
Cytoplasm_RadialDistribution_RadialCV_Mitochondria_1of4,0.04055465891136842,Cytoplasm,RadialDistribution,RadialCV,Mitochondria,145
Cytoplasm_RadialDistribution_FracAtD_Mitochondria_2of4,0.04042708227206078,Cytoplasm,RadialDistribution,FracAtD,Mitochondria,146
Cytoplasm_RadialDistribution_RadialCV_ER_4of4,0.03972724706633856,Cytoplasm,RadialDistribution,RadialCV,ER,147
Nuclei_RadialDistribution_ZernikeMagnitude_Hoechst_6_6,0.038681040870747245,Nuclei,RadialDistribution,ZernikeMagnitude,Hoechst,148
Nuclei_AreaShape_Zernike_9_5,0.03845934940312695,Nuclei,AreaShape,Zernike,9,149
Nuclei_RadialDistribution_RadialCV_Hoechst_2of4,0.03788844043622175,Nuclei,RadialDistribution,RadialCV,Hoechst,150
Cells_RadialDistribution_ZernikeMagnitude_ER_8_2,0.036859353355681974,Cells,RadialDistribution,ZernikeMagnitude,ER,151
Cells_RadialDistribution_FracAtD_Actin_2of4,0.03602114210394248,Cells,RadialDistribution,FracAtD,Actin,152
Cytoplasm_Texture_Contrast_Actin_3_01_256,0.0353218469381813,Cytoplasm,Texture,Contrast,Actin,153
Cytoplasm_Texture_DifferenceEntropy_Hoechst_3_03_256,0.03474274076582899,Cytoplasm,Texture,DifferenceEntropy,Hoechst,154
Cells_RadialDistribution_RadialCV_Actin_2of4,0.03385334726813337,Cells,RadialDistribution,RadialCV,Actin,155
Nuclei_RadialDistribution_ZernikeMagnitude_Actin_9_5,0.03378904374658731,Nuclei,RadialDistribution,ZernikeMagnitude,Actin,156
Cytoplasm_RadialDistribution_ZernikeMagnitude_Actin_8_0,0.03313354142662921,Cytoplasm,RadialDistribution,ZernikeMagnitude,Actin,157
Cytoplasm_Correlation_RWC_ER_Mitochondria,0.03272694149443735,Cytoplasm,Correlation,RWC,ER,158
Nuclei_RadialDistribution_ZernikeMagnitude_Mitochondria_6_6,0.03252207352722242,Nuclei,RadialDistribution,ZernikeMagnitude,Mitochondria,159
Nuclei_RadialDistribution_ZernikeMagnitude_Actin_1_1,0.03028959831527041,Nuclei,RadialDistribution,ZernikeMagnitude,Actin,160
Nuclei_Intensity_MinIntensity_ER,0.029542592931512474,Nuclei,Intensity,MinIntensity,ER,161
Cytoplasm_Correlation_RWC_ER_Hoechst,0.028603467495864638,Cytoplasm,Correlation,RWC,ER,162
Cells_Correlation_Overlap_ER_Hoechst,0.02785567584520863,Cells,Correlation,Overlap,ER,163
Cytoplasm_Correlation_Correlation_Hoechst_Mitochondria,0.02719250116837476,Cytoplasm,Correlation,Correlation,Hoechst,164
Cells_RadialDistribution_ZernikeMagnitude_Actin_7_1,0.026472139771667538,Cells,RadialDistribution,ZernikeMagnitude,Actin,165
Cytoplasm_RadialDistribution_ZernikeMagnitude_Mitochondria_7_1,0.025587131721233742,Cytoplasm,RadialDistribution,ZernikeMagnitude,Mitochondria,166
Nuclei_AreaShape_Orientation,0.02488761036774079,Nuclei,AreaShape,Orientation,,167
Cytoplasm_Texture_InfoMeas1_Mitochondria_3_00_256,0.023323252857608473,Cytoplasm,Texture,InfoMeas1,Mitochondria,168
Cytoplasm_Correlation_Correlation_ER_Hoechst,0.023297675347169707,Cytoplasm,Correlation,Correlation,ER,169
Cytoplasm_Correlation_Manders_PM_Mitochondria,0.023121197292860444,Cytoplasm,Correlation,Manders,PM,170
Nuclei_RadialDistribution_MeanFrac_Actin_1of4,0.0221757273500285,Nuclei,RadialDistribution,MeanFrac,Actin,171
Cells_AreaShape_Zernike_8_8,0.020938793451824145,Cells,AreaShape,Zernike,8,172
Nuclei_RadialDistribution_RadialCV_Actin_1of4,0.020937190278247267,Nuclei,RadialDistribution,RadialCV,Actin,173
Nuclei_Texture_DifferenceEntropy_ER_3_02_256,0.02089504148429694,Nuclei,Texture,DifferenceEntropy,ER,174
Nuclei_Texture_SumVariance_Mitochondria_3_03_256,0.01916454720115075,Nuclei,Texture,SumVariance,Mitochondria,175
Nuclei_Intensity_MassDisplacement_PM,0.01855346535414805,Nuclei,Intensity,MassDisplacement,PM,176
Cytoplasm_Texture_Correlation_Mitochondria_3_00_256,0.017768553074294133,Cytoplasm,Texture,Correlation,Mitochondria,177
Nuclei_RadialDistribution_ZernikeMagnitude_Actin_7_3,0.01694177539421077,Nuclei,RadialDistribution,ZernikeMagnitude,Actin,178
Nuclei_RadialDistribution_ZernikeMagnitude_Actin_5_5,0.01642142751316859,Nuclei,RadialDistribution,ZernikeMagnitude,Actin,179
Cytoplasm_RadialDistribution_ZernikeMagnitude_PM_6_6,0.01591285344012818,Cytoplasm,RadialDistribution,ZernikeMagnitude,PM,180
Cytoplasm_Texture_DifferenceEntropy_Mitochondria_3_00_256,0.014535101424984218,Cytoplasm,Texture,DifferenceEntropy,Mitochondria,181
Nuclei_RadialDistribution_ZernikeMagnitude_Hoechst_9_7,0.012372726394954826,Nuclei,RadialDistribution,ZernikeMagnitude,Hoechst,182
Cytoplasm_RadialDistribution_RadialCV_PM_3of4,0.011398615321720576,Cytoplasm,RadialDistribution,RadialCV,PM,183
Cytoplasm_Texture_SumVariance_Mitochondria_3_01_256,0.010279218234869457,Cytoplasm,Texture,SumVariance,Mitochondria,184
Cytoplasm_AreaShape_Orientation,0.009812236771248135,Cytoplasm,AreaShape,Orientation,,185
Nuclei_RadialDistribution_ZernikeMagnitude_Mitochondria_6_4,0.00933091642220722,Nuclei,RadialDistribution,ZernikeMagnitude,Mitochondria,186
Nuclei_Correlation_Correlation_Actin_Hoechst,0.008891911485808306,Nuclei,Correlation,Correlation,Actin,187
Nuclei_RadialDistribution_ZernikeMagnitude_ER_7_5,0.008795915028584459,Nuclei,RadialDistribution,ZernikeMagnitude,ER,188
Cytoplasm_RadialDistribution_ZernikeMagnitude_Hoechst_2_0,0.00840729591446891,Cytoplasm,RadialDistribution,ZernikeMagnitude,Hoechst,189
Nuclei_RadialDistribution_ZernikeMagnitude_Actin_2_0,0.008395754027968869,Nuclei,RadialDistribution,ZernikeMagnitude,Actin,190
Cells_RadialDistribution_ZernikeMagnitude_Mitochondria_9_7,0.00809964305208567,Cells,RadialDistribution,ZernikeMagnitude,Mitochondria,191
Nuclei_RadialDistribution_ZernikeMagnitude_PM_6_4,0.007834848948639134,Nuclei,RadialDistribution,ZernikeMagnitude,PM,192
Nuclei_Texture_DifferenceEntropy_ER_3_00_256,0.007409684962533303,Nuclei,Texture,DifferenceEntropy,ER,193
Cytoplasm_RadialDistribution_FracAtD_ER_2of4,0.007069032631558275,Cytoplasm,RadialDistribution,FracAtD,ER,194
Nuclei_Correlation_K_Hoechst_Mitochondria,0.006752896707988242,Nuclei,Correlation,K,Hoechst,195
Cytoplasm_RadialDistribution_FracAtD_Hoechst_2of4,0.0055941634512736895,Cytoplasm,RadialDistribution,FracAtD,Hoechst,196
Nuclei_RadialDistribution_ZernikeMagnitude_ER_7_1,0.005133793026170858,Nuclei,RadialDistribution,ZernikeMagnitude,ER,197
Nuclei_RadialDistribution_MeanFrac_PM_1of4,0.004881771121212556,Nuclei,RadialDistribution,MeanFrac,PM,198
Cytoplasm_Intensity_MaxIntensityEdge_Hoechst,0.004612017514886536,Cytoplasm,Intensity,MaxIntensityEdge,Hoechst,199
Nuclei_RadialDistribution_ZernikeMagnitude_PM_7_7,0.003990910875015191,Nuclei,RadialDistribution,ZernikeMagnitude,PM,200
Cytoplasm_Intensity_StdIntensityEdge_PM,0.00357646477830204,Cytoplasm,Intensity,StdIntensityEdge,PM,201
Nuclei_RadialDistribution_ZernikeMagnitude_ER_4_2,0.002751213920436686,Nuclei,RadialDistribution,ZernikeMagnitude,ER,202
Nuclei_RadialDistribution_ZernikeMagnitude_Hoechst_5_1,0.0026178624417271595,Nuclei,RadialDistribution,ZernikeMagnitude,Hoechst,203
Cells_RadialDistribution_ZernikeMagnitude_Mitochondria_6_6,0.002609106281717828,Cells,RadialDistribution,ZernikeMagnitude,Mitochondria,204
Cells_Intensity_MassDisplacement_Hoechst,0.0019411946254271112,Cells,Intensity,MassDisplacement,Hoechst,205
Nuclei_RadialDistribution_RadialCV_PM_4of4,0.001779370758234221,Nuclei,RadialDistribution,RadialCV,PM,206
Nuclei_RadialDistribution_MeanFrac_Actin_2of4,0.0009338636770664807,Nuclei,RadialDistribution,MeanFrac,Actin,207
Cells_Intensity_StdIntensityEdge_PM,0.000427994028541364,Cells,Intensity,StdIntensityEdge,PM,208
Cells_RadialDistribution_ZernikeMagnitude_PM_8_4,0.00036164786266070333,Cells,RadialDistribution,ZernikeMagnitude,PM,209
Nuclei_AreaShape_Compactness,3.4443883191238146e-07,Nuclei,AreaShape,Compactness,,210
Cytoplasm_RadialDistribution_RadialCV_PM_2of4,8.599182433384781e-09,Cytoplasm,RadialDistribution,RadialCV,PM,211
Nuclei_Texture_Contrast_ER_3_03_256,0.0,Nuclei,Texture,Contrast,ER,212
Nuclei_RadialDistribution_ZernikeMagnitude_Mitochondria_5_3,0.0,Nuclei,RadialDistribution,ZernikeMagnitude,Mitochondria,213
Cells_AreaShape_Zernike_7_7,0.0,Cells,AreaShape,Zernike,7,214
Nuclei_Intensity_LowerQuartileIntensity_Hoechst,0.0,Nuclei,Intensity,LowerQuartileIntensity,Hoechst,215
Nuclei_RadialDistribution_ZernikeMagnitude_Hoechst_7_3,0.0,Nuclei,RadialDistribution,ZernikeMagnitude,Hoechst,216
Cytoplasm_RadialDistribution_FracAtD_PM_4of4,0.0,Cytoplasm,RadialDistribution,FracAtD,PM,217
Cytoplasm_RadialDistribution_ZernikeMagnitude_Hoechst_6_0,0.0,Cytoplasm,RadialDistribution,ZernikeMagnitude,Hoechst,218
Nuclei_RadialDistribution_ZernikeMagnitude_Mitochondria_3_1,0.0,Nuclei,RadialDistribution,ZernikeMagnitude,Mitochondria,219
Cells_Intensity_IntegratedIntensity_Hoechst,0.0,Cells,Intensity,IntegratedIntensity,Hoechst,220
Nuclei_RadialDistribution_MeanFrac_Hoechst_3of4,0.0,Nuclei,RadialDistribution,MeanFrac,Hoechst,221
Nuclei_Texture_Correlation_Hoechst_3_01_256,0.0,Nuclei,Texture,Correlation,Hoechst,222
Cytoplasm_RadialDistribution_RadialCV_Hoechst_3of4,0.0,Cytoplasm,RadialDistribution,RadialCV,Hoechst,223
Cytoplasm_Texture_DifferenceEntropy_Actin_3_03_256,0.0,Cytoplasm,Texture,DifferenceEntropy,Actin,224
Cytoplasm_RadialDistribution_ZernikeMagnitude_Hoechst_5_3,0.0,Cytoplasm,RadialDistribution,ZernikeMagnitude,Hoechst,225
Nuclei_Texture_InfoMeas1_ER_3_01_256,0.0,Nuclei,Texture,InfoMeas1,ER,226
Cells_RadialDistribution_ZernikeMagnitude_Actin_9_1,0.0,Cells,RadialDistribution,ZernikeMagnitude,Actin,227
Nuclei_RadialDistribution_ZernikeMagnitude_PM_5_1,0.0,Nuclei,RadialDistribution,ZernikeMagnitude,PM,228
Cytoplasm_Texture_InfoMeas2_Mitochondria_3_02_256,0.0,Cytoplasm,Texture,InfoMeas2,Mitochondria,229
Cells_RadialDistribution_FracAtD_Mitochondria_3of4,0.0,Cells,RadialDistribution,FracAtD,Mitochondria,230
Nuclei_Correlation_RWC_ER_PM,0.0,Nuclei,Correlation,RWC,ER,231
Cytoplasm_Texture_Correlation_ER_3_03_256,0.0,Cytoplasm,Texture,Correlation,ER,232
Nuclei_Texture_Correlation_PM_3_03_256,0.0,Nuclei,Texture,Correlation,PM,233
Cytoplasm_AreaShape_Zernike_2_0,0.0,Cytoplasm,AreaShape,Zernike,2,234
Nuclei_RadialDistribution_ZernikeMagnitude_Actin_5_1,0.0,Nuclei,RadialDistribution,ZernikeMagnitude,Actin,235
Nuclei_Texture_Contrast_PM_3_01_256,0.0,Nuclei,Texture,Contrast,PM,236
Nuclei_Correlation_K_Hoechst_ER,0.0,Nuclei,Correlation,K,Hoechst,237
Cytoplasm_Texture_InfoMeas1_Mitochondria_3_03_256,0.0,Cytoplasm,Texture,InfoMeas1,Mitochondria,238
Nuclei_Texture_DifferenceEntropy_Mitochondria_3_00_256,0.0,Nuclei,Texture,DifferenceEntropy,Mitochondria,239
Cytoplasm_RadialDistribution_MeanFrac_Mitochondria_3of4,0.0,Cytoplasm,RadialDistribution,MeanFrac,Mitochondria,240
Cytoplasm_RadialDistribution_ZernikeMagnitude_PM_6_4,0.0,Cytoplasm,RadialDistribution,ZernikeMagnitude,PM,241
Cytoplasm_AreaShape_Zernike_4_0,0.0,Cytoplasm,AreaShape,Zernike,4,242
Cytoplasm_RadialDistribution_ZernikeMagnitude_PM_2_0,0.0,Cytoplasm,RadialDistribution,ZernikeMagnitude,PM,243
Nuclei_Texture_DifferenceEntropy_Actin_3_00_256,0.0,Nuclei,Texture,DifferenceEntropy,Actin,244
Cytoplasm_Intensity_MaxIntensityEdge_PM,0.0,Cytoplasm,Intensity,MaxIntensityEdge,PM,245
Cytoplasm_RadialDistribution_ZernikeMagnitude_ER_7_1,0.0,Cytoplasm,RadialDistribution,ZernikeMagnitude,ER,246
Cells_RadialDistribution_ZernikeMagnitude_PM_9_5,0.0,Cells,RadialDistribution,ZernikeMagnitude,PM,247
Cells_Granularity_2_Hoechst,0.0,Cells,Granularity,2,Hoechst,248
Nuclei_Intensity_IntegratedIntensity_ER,0.0,Nuclei,Intensity,IntegratedIntensity,ER,249
Nuclei_Texture_Contrast_ER_3_01_256,0.0,Nuclei,Texture,Contrast,ER,250
Cells_Intensity_MeanIntensityEdge_Hoechst,0.0,Cells,Intensity,MeanIntensityEdge,Hoechst,251
Cytoplasm_RadialDistribution_ZernikeMagnitude_Mitochondria_7_3,0.0,Cytoplasm,RadialDistribution,ZernikeMagnitude,Mitochondria,252
Cytoplasm_Texture_DifferenceVariance_ER_3_00_256,0.0,Cytoplasm,Texture,DifferenceVariance,ER,253
Cytoplasm_RadialDistribution_MeanFrac_Hoechst_3of4,0.0,Cytoplasm,RadialDistribution,MeanFrac,Hoechst,254
Cytoplasm_RadialDistribution_ZernikeMagnitude_ER_8_2,0.0,Cytoplasm,RadialDistribution,ZernikeMagnitude,ER,255
Nuclei_Correlation_RWC_PM_Mitochondria,0.0,Nuclei,Correlation,RWC,PM,256
Cytoplasm_RadialDistribution_ZernikeMagnitude_Mitochondria_8_6,0.0,Cytoplasm,RadialDistribution,ZernikeMagnitude,Mitochondria,257
Cells_RadialDistribution_MeanFrac_ER_3of4,0.0,Cells,RadialDistribution,MeanFrac,ER,258
Nuclei_Intensity_MedianIntensity_Hoechst,0.0,Nuclei,Intensity,MedianIntensity,Hoechst,259
Nuclei_RadialDistribution_ZernikeMagnitude_ER_6_4,0.0,Nuclei,RadialDistribution,ZernikeMagnitude,ER,260
Cytoplasm_Intensity_IntegratedIntensityEdge_Hoechst,0.0,Cytoplasm,Intensity,IntegratedIntensityEdge,Hoechst,261
Cells_Intensity_IntegratedIntensityEdge_Hoechst,0.0,Cells,Intensity,IntegratedIntensityEdge,Hoechst,262
Cells_RadialDistribution_ZernikeMagnitude_Hoechst_9_1,0.0,Cells,RadialDistribution,ZernikeMagnitude,Hoechst,263
Cytoplasm_RadialDistribution_MeanFrac_PM_2of4,0.0,Cytoplasm,RadialDistribution,MeanFrac,PM,264
Nuclei_RadialDistribution_ZernikeMagnitude_ER_1_1,0.0,Nuclei,RadialDistribution,ZernikeMagnitude,ER,265
Cells_RadialDistribution_MeanFrac_ER_2of4,0.0,Cells,RadialDistribution,MeanFrac,ER,266
Cells_Intensity_StdIntensityEdge_ER,0.0,Cells,Intensity,StdIntensityEdge,ER,267
Nuclei_RadialDistribution_ZernikeMagnitude_Mitochondria_7_5,0.0,Nuclei,RadialDistribution,ZernikeMagnitude,Mitochondria,268
Nuclei_Intensity_IntegratedIntensityEdge_PM,0.0,Nuclei,Intensity,IntegratedIntensityEdge,PM,269
Cells_RadialDistribution_MeanFrac_Actin_2of4,0.0,Cells,RadialDistribution,MeanFrac,Actin,270
Cells_RadialDistribution_FracAtD_Mitochondria_1of4,0.0,Cells,RadialDistribution,FracAtD,Mitochondria,271
Cells_RadialDistribution_ZernikeMagnitude_ER_9_3,0.0,Cells,RadialDistribution,ZernikeMagnitude,ER,272
Nuclei_Texture_SumVariance_ER_3_01_256,0.0,Nuclei,Texture,SumVariance,ER,273
Cytoplasm_Intensity_MaxIntensity_Hoechst,0.0,Cytoplasm,Intensity,MaxIntensity,Hoechst,274
Cytoplasm_RadialDistribution_ZernikeMagnitude_PM_7_3,0.0,Cytoplasm,RadialDistribution,ZernikeMagnitude,PM,275
Cytoplasm_RadialDistribution_ZernikeMagnitude_PM_7_5,0.0,Cytoplasm,RadialDistribution,ZernikeMagnitude,PM,276
Nuclei_Intensity_IntegratedIntensity_Mitochondria,0.0,Nuclei,Intensity,IntegratedIntensity,Mitochondria,277
Nuclei_Correlation_RWC_Hoechst_PM,0.0,Nuclei,Correlation,RWC,Hoechst,278
Cytoplasm_RadialDistribution_ZernikeMagnitude_Hoechst_2_2,0.0,Cytoplasm,RadialDistribution,ZernikeMagnitude,Hoechst,279
Nuclei_RadialDistribution_ZernikeMagnitude_ER_7_7,0.0,Nuclei,RadialDistribution,ZernikeMagnitude,ER,280
Cells_RadialDistribution_ZernikeMagnitude_Actin_9_7,0.0,Cells,RadialDistribution,ZernikeMagnitude,Actin,281
Cytoplasm_RadialDistribution_ZernikeMagnitude_Mitochondria_2_2,0.0,Cytoplasm,RadialDistribution,ZernikeMagnitude,Mitochondria,282
Cells_RadialDistribution_ZernikeMagnitude_Mitochondria_8_0,0.0,Cells,RadialDistribution,ZernikeMagnitude,Mitochondria,283
Cells_AreaShape_Perimeter,0.0,Cells,AreaShape,Perimeter,,284
Cytoplasm_RadialDistribution_FracAtD_Hoechst_1of4,0.0,Cytoplasm,RadialDistribution,FracAtD,Hoechst,285
Nuclei_RadialDistribution_FracAtD_Hoechst_2of4,0.0,Nuclei,RadialDistribution,FracAtD,Hoechst,286
Nuclei_Texture_InfoMeas1_Mitochondria_3_02_256,0.0,Nuclei,Texture,InfoMeas1,Mitochondria,287
Cytoplasm_AreaShape_Zernike_3_1,0.0,Cytoplasm,AreaShape,Zernike,3,288
Nuclei_RadialDistribution_RadialCV_Mitochondria_1of4,0.0,Nuclei,RadialDistribution,RadialCV,Mitochondria,289
Cells_Neighbors_AngleBetweenNeighbors_Adjacent,0.0,Cells,Neighbors,AngleBetweenNeighbors,Adjacent,290
Cytoplasm_RadialDistribution_ZernikeMagnitude_Mitochondria_5_5,0.0,Cytoplasm,RadialDistribution,ZernikeMagnitude,Mitochondria,291
Nuclei_Texture_Contrast_Actin_3_01_256,0.0,Nuclei,Texture,Contrast,Actin,292
Nuclei_Intensity_IntegratedIntensityEdge_Hoechst,0.0,Nuclei,Intensity,IntegratedIntensityEdge,Hoechst,293
Cytoplasm_Correlation_Correlation_Hoechst_PM,0.0,Cytoplasm,Correlation,Correlation,Hoechst,294
Cells_AreaShape_Zernike_9_3,0.0,Cells,AreaShape,Zernike,9,295
Nuclei_Texture_Correlation_ER_3_02_256,0.0,Nuclei,Texture,Correlation,ER,296
Cytoplasm_RadialDistribution_ZernikeMagnitude_Mitochondria_5_1,0.0,Cytoplasm,RadialDistribution,ZernikeMagnitude,Mitochondria,297
Cells_RadialDistribution_FracAtD_ER_1of4,0.0,Cells,RadialDistribution,FracAtD,ER,298
Nuclei_Intensity_MaxIntensityEdge_ER,0.0,Nuclei,Intensity,MaxIntensityEdge,ER,299
Cells_Texture_InfoMeas1_Actin_3_03_256,0.0,Cells,Texture,InfoMeas1,Actin,300
Cytoplasm_RadialDistribution_FracAtD_ER_4of4,0.0,Cytoplasm,RadialDistribution,FracAtD,ER,301
Cells_RadialDistribution_ZernikeMagnitude_PM_5_1,0.0,Cells,RadialDistribution,ZernikeMagnitude,PM,302
Nuclei_RadialDistribution_ZernikeMagnitude_Mitochondria_8_8,0.0,Nuclei,RadialDistribution,ZernikeMagnitude,Mitochondria,303
Nuclei_RadialDistribution_ZernikeMagnitude_Actin_8_0,0.0,Nuclei,RadialDistribution,ZernikeMagnitude,Actin,304
Cells_RadialDistribution_FracAtD_Mitochondria_4of4,0.0,Cells,RadialDistribution,FracAtD,Mitochondria,305
Nuclei_RadialDistribution_MeanFrac_Mitochondria_1of4,0.0,Nuclei,RadialDistribution,MeanFrac,Mitochondria,306
Nuclei_Texture_Contrast_Actin_3_00_256,0.0,Nuclei,Texture,Contrast,Actin,307
Cytoplasm_Correlation_RWC_ER_PM,0.0,Cytoplasm,Correlation,RWC,ER,308
Cytoplasm_RadialDistribution_MeanFrac_Actin_2of4,0.0,Cytoplasm,RadialDistribution,MeanFrac,Actin,309
Nuclei_Correlation_K_PM_Hoechst,0.0,Nuclei,Correlation,K,PM,310
Nuclei_RadialDistribution_ZernikeMagnitude_PM_4_4,0.0,Nuclei,RadialDistribution,ZernikeMagnitude,PM,311
Cytoplasm_Correlation_RWC_Mitochondria_ER,0.0,Cytoplasm,Correlation,RWC,Mitochondria,312
Cytoplasm_Intensity_MADIntensity_ER,0.0,Cytoplasm,Intensity,MADIntensity,ER,313
Cytoplasm_RadialDistribution_ZernikeMagnitude_Mitochondria_1_1,0.0,Cytoplasm,RadialDistribution,ZernikeMagnitude,Mitochondria,314
Cytoplasm_RadialDistribution_ZernikeMagnitude_ER_5_3,0.0,Cytoplasm,RadialDistribution,ZernikeMagnitude,ER,315
Nuclei_RadialDistribution_ZernikeMagnitude_Hoechst_6_2,0.0,Nuclei,RadialDistribution,ZernikeMagnitude,Hoechst,316
Nuclei_Texture_Contrast_Actin_3_03_256,0.0,Nuclei,Texture,Contrast,Actin,317
Cells_RadialDistribution_ZernikeMagnitude_Actin_8_8,0.0,Cells,RadialDistribution,ZernikeMagnitude,Actin,318
Cytoplasm_Correlation_Manders_ER_Hoechst,0.0,Cytoplasm,Correlation,Manders,ER,319
Cytoplasm_Texture_Correlation_ER_3_02_256,0.0,Cytoplasm,Texture,Correlation,ER,320
Cytoplasm_Texture_Contrast_Hoechst_3_03_256,0.0,Cytoplasm,Texture,Contrast,Hoechst,321
Nuclei_Texture_InfoMeas2_Mitochondria_3_03_256,0.0,Nuclei,Texture,InfoMeas2,Mitochondria,322
Cytoplasm_AreaShape_Zernike_8_2,0.0,Cytoplasm,AreaShape,Zernike,8,323
Cells_Intensity_MeanIntensityEdge_ER,0.0,Cells,Intensity,MeanIntensityEdge,ER,324
Cytoplasm_AreaShape_Zernike_6_0,0.0,Cytoplasm,AreaShape,Zernike,6,325
Cytoplasm_RadialDistribution_ZernikeMagnitude_PM_5_3,0.0,Cytoplasm,RadialDistribution,ZernikeMagnitude,PM,326
Cytoplasm_RadialDistribution_MeanFrac_PM_1of4,0.0,Cytoplasm,RadialDistribution,MeanFrac,PM,327
Cells_RadialDistribution_ZernikeMagnitude_PM_9_7,0.0,Cells,RadialDistribution,ZernikeMagnitude,PM,328
Cytoplasm_RadialDistribution_ZernikeMagnitude_Hoechst_3_1,0.0,Cytoplasm,RadialDistribution,ZernikeMagnitude,Hoechst,329
Cells_AreaShape_Zernike_0_0,0.0,Cells,AreaShape,Zernike,0,330
Nuclei_Texture_Correlation_Actin_3_03_256,0.0,Nuclei,Texture,Correlation,Actin,331
Cytoplasm_Intensity_IntegratedIntensity_Hoechst,0.0,Cytoplasm,Intensity,IntegratedIntensity,Hoechst,332
Nuclei_RadialDistribution_RadialCV_PM_3of4,0.0,Nuclei,RadialDistribution,RadialCV,PM,333
Cells_Correlation_Correlation_Actin_PM,0.0,Cells,Correlation,Correlation,Actin,334
Nuclei_AreaShape_Zernike_7_5,0.0,Nuclei,AreaShape,Zernike,7,335
Cytoplasm_Texture_InfoMeas1_ER_3_03_256,0.0,Cytoplasm,Texture,InfoMeas1,ER,336
Nuclei_Correlation_Overlap_Mitochondria_PM,0.0,Nuclei,Correlation,Overlap,Mitochondria,337
Cytoplasm_RadialDistribution_RadialCV_Hoechst_4of4,0.0,Cytoplasm,RadialDistribution,RadialCV,Hoechst,338
Nuclei_Correlation_K_Hoechst_PM,0.0,Nuclei,Correlation,K,Hoechst,339
Cytoplasm_RadialDistribution_FracAtD_Actin_4of4,0.0,Cytoplasm,RadialDistribution,FracAtD,Actin,340
Nuclei_RadialDistribution_ZernikeMagnitude_PM_3_3,0.0,Nuclei,RadialDistribution,ZernikeMagnitude,PM,341
Cytoplasm_AreaShape_MajorAxisLength,0.0,Cytoplasm,AreaShape,MajorAxisLength,,342
Cells_RadialDistribution_RadialCV_PM_2of4,0.0,Cells,RadialDistribution,RadialCV,PM,343
Nuclei_Intensity_LowerQuartileIntensity_PM,0.0,Nuclei,Intensity,LowerQuartileIntensity,PM,344
Cytoplasm_RadialDistribution_FracAtD_Mitochondria_3of4,0.0,Cytoplasm,RadialDistribution,FracAtD,Mitochondria,345
Nuclei_RadialDistribution_ZernikeMagnitude_Mitochondria_7_7,0.0,Nuclei,RadialDistribution,ZernikeMagnitude,Mitochondria,346
Cells_RadialDistribution_FracAtD_Hoechst_2of4,0.0,Cells,RadialDistribution,FracAtD,Hoechst,347
Cells_Correlation_Correlation_ER_Hoechst,0.0,Cells,Correlation,Correlation,ER,348
Cytoplasm_Texture_InfoMeas2_Mitochondria_3_00_256,0.0,Cytoplasm,Texture,InfoMeas2,Mitochondria,349
Cytoplasm_RadialDistribution_RadialCV_Hoechst_2of4,0.0,Cytoplasm,RadialDistribution,RadialCV,Hoechst,350
Cytoplasm_Texture_SumAverage_Hoechst_3_01_256,0.0,Cytoplasm,Texture,SumAverage,Hoechst,351
Cytoplasm_RadialDistribution_ZernikeMagnitude_Hoechst_8_4,0.0,Cytoplasm,RadialDistribution,ZernikeMagnitude,Hoechst,352
Nuclei_Intensity_MADIntensity_PM,0.0,Nuclei,Intensity,MADIntensity,PM,353
Nuclei_RadialDistribution_ZernikeMagnitude_Actin_7_1,0.0,Nuclei,RadialDistribution,ZernikeMagnitude,Actin,354
Nuclei_Texture_DifferenceVariance_ER_3_00_256,0.0,Nuclei,Texture,DifferenceVariance,ER,355
Cytoplasm_Texture_Correlation_Hoechst_3_01_256,0.0,Cytoplasm,Texture,Correlation,Hoechst,356
Cytoplasm_RadialDistribution_ZernikeMagnitude_PM_9_3,0.0,Cytoplasm,RadialDistribution,ZernikeMagnitude,PM,357
Nuclei_Correlation_Correlation_Hoechst_Mitochondria,0.0,Nuclei,Correlation,Correlation,Hoechst,358
Nuclei_RadialDistribution_ZernikeMagnitude_ER_6_6,0.0,Nuclei,RadialDistribution,ZernikeMagnitude,ER,359
Cytoplasm_RadialDistribution_RadialCV_Mitochondria_4of4,0.0,Cytoplasm,RadialDistribution,RadialCV,Mitochondria,360
Cytoplasm_RadialDistribution_ZernikeMagnitude_Mitochondria_6_4,0.0,Cytoplasm,RadialDistribution,ZernikeMagnitude,Mitochondria,361
Cytoplasm_RadialDistribution_ZernikeMagnitude_Mitochondria_8_4,0.0,Cytoplasm,RadialDistribution,ZernikeMagnitude,Mitochondria,362
Nuclei_Texture_InfoMeas1_Actin_3_01_256,0.0,Nuclei,Texture,InfoMeas1,Actin,363
Cytoplasm_RadialDistribution_ZernikeMagnitude_Actin_2_0,0.0,Cytoplasm,RadialDistribution,ZernikeMagnitude,Actin,364
Cytoplasm_RadialDistribution_ZernikeMagnitude_Hoechst_3_3,0.0,Cytoplasm,RadialDistribution,ZernikeMagnitude,Hoechst,365
Cytoplasm_RadialDistribution_ZernikeMagnitude_Hoechst_4_2,0.0,Cytoplasm,RadialDistribution,ZernikeMagnitude,Hoechst,366
Nuclei_Intensity_MADIntensity_Hoechst,0.0,Nuclei,Intensity,MADIntensity,Hoechst,367
Cells_RadialDistribution_RadialCV_Mitochondria_3of4,0.0,Cells,RadialDistribution,RadialCV,Mitochondria,368
Nuclei_Texture_InfoMeas1_PM_3_00_256,0.0,Nuclei,Texture,InfoMeas1,PM,369
Cells_RadialDistribution_RadialCV_Actin_4of4,0.0,Cells,RadialDistribution,RadialCV,Actin,370
Nuclei_RadialDistribution_ZernikeMagnitude_Mitochondria_2_0,0.0,Nuclei,RadialDistribution,ZernikeMagnitude,Mitochondria,371
Cytoplasm_RadialDistribution_ZernikeMagnitude_ER_2_0,0.0,Cytoplasm,RadialDistribution,ZernikeMagnitude,ER,372
Nuclei_Texture_InfoMeas1_Hoechst_3_00_256,0.0,Nuclei,Texture,InfoMeas1,Hoechst,373
Cytoplasm_Texture_InfoMeas2_Hoechst_3_00_256,0.0,Cytoplasm,Texture,InfoMeas2,Hoechst,374
Cytoplasm_Intensity_MADIntensity_Hoechst,0.0,Cytoplasm,Intensity,MADIntensity,Hoechst,375
Nuclei_RadialDistribution_ZernikeMagnitude_PM_4_0,0.0,Nuclei,RadialDistribution,ZernikeMagnitude,PM,376
Nuclei_RadialDistribution_FracAtD_Mitochondria_4of4,0.0,Nuclei,RadialDistribution,FracAtD,Mitochondria,377
Nuclei_RadialDistribution_ZernikeMagnitude_PM_9_9,0.0,Nuclei,RadialDistribution,ZernikeMagnitude,PM,378
Nuclei_Texture_InfoMeas1_Hoechst_3_03_256,0.0,Nuclei,Texture,InfoMeas1,Hoechst,379
Cells_RadialDistribution_FracAtD_Mitochondria_2of4,0.0,Cells,RadialDistribution,FracAtD,Mitochondria,380
Cells_Texture_Correlation_Hoechst_3_01_256,0.0,Cells,Texture,Correlation,Hoechst,381
Cells_Texture_AngularSecondMoment_Hoechst_3_00_256,0.0,Cells,Texture,AngularSecondMoment,Hoechst,382
Cytoplasm_RadialDistribution_ZernikeMagnitude_PM_5_5,0.0,Cytoplasm,RadialDistribution,ZernikeMagnitude,PM,383
Cytoplasm_RadialDistribution_ZernikeMagnitude_ER_1_1,0.0,Cytoplasm,RadialDistribution,ZernikeMagnitude,ER,384
Cytoplasm_RadialDistribution_MeanFrac_Hoechst_2of4,0.0,Cytoplasm,RadialDistribution,MeanFrac,Hoechst,385
Nuclei_Correlation_Overlap_Actin_ER,0.0,Nuclei,Correlation,Overlap,Actin,386
Cells_Intensity_MaxIntensity_Actin,0.0,Cells,Intensity,MaxIntensity,Actin,387
Cells_AreaShape_Zernike_3_3,0.0,Cells,AreaShape,Zernike,3,388
Cytoplasm_RadialDistribution_ZernikeMagnitude_Hoechst_5_1,0.0,Cytoplasm,RadialDistribution,ZernikeMagnitude,Hoechst,389
Cells_Intensity_MeanIntensityEdge_Mitochondria,0.0,Cells,Intensity,MeanIntensityEdge,Mitochondria,390
Nuclei_RadialDistribution_ZernikeMagnitude_Actin_8_8,0.0,Nuclei,RadialDistribution,ZernikeMagnitude,Actin,391
Nuclei_Texture_InfoMeas2_Hoechst_3_01_256,0.0,Nuclei,Texture,InfoMeas2,Hoechst,392
Cytoplasm_Texture_Contrast_ER_3_02_256,0.0,Cytoplasm,Texture,Contrast,ER,393
Cells_Texture_Contrast_Hoechst_3_00_256,0.0,Cells,Texture,Contrast,Hoechst,394
Nuclei_AreaShape_Zernike_5_1,0.0,Nuclei,AreaShape,Zernike,5,395
Cells_Texture_SumVariance_Hoechst_3_00_256,0.0,Cells,Texture,SumVariance,Hoechst,396
Nuclei_RadialDistribution_ZernikeMagnitude_Actin_2_2,0.0,Nuclei,RadialDistribution,ZernikeMagnitude,Actin,397
Cells_RadialDistribution_FracAtD_ER_3of4,0.0,Cells,RadialDistribution,FracAtD,ER,398
Cells_RadialDistribution_ZernikeMagnitude_PM_6_0,0.0,Cells,RadialDistribution,ZernikeMagnitude,PM,399
Cytoplasm_RadialDistribution_ZernikeMagnitude_PM_6_2,0.0,Cytoplasm,RadialDistribution,ZernikeMagnitude,PM,400
Cytoplasm_RadialDistribution_ZernikeMagnitude_Hoechst_6_4,0.0,Cytoplasm,RadialDistribution,ZernikeMagnitude,Hoechst,401
Cytoplasm_Texture_InverseDifferenceMoment_ER_3_03_256,0.0,Cytoplasm,Texture,InverseDifferenceMoment,ER,402
Cells_RadialDistribution_ZernikeMagnitude_PM_8_2,0.0,Cells,RadialDistribution,ZernikeMagnitude,PM,403
Cytoplasm_RadialDistribution_FracAtD_Mitochondria_4of4,0.0,Cytoplasm,RadialDistribution,FracAtD,Mitochondria,404
Nuclei_RadialDistribution_ZernikeMagnitude_ER_8_0,0.0,Nuclei,RadialDistribution,ZernikeMagnitude,ER,405
Cytoplasm_RadialDistribution_ZernikeMagnitude_Hoechst_1_1,0.0,Cytoplasm,RadialDistribution,ZernikeMagnitude,Hoechst,406
Nuclei_RadialDistribution_ZernikeMagnitude_PM_9_1,0.0,Nuclei,RadialDistribution,ZernikeMagnitude,PM,407
Nuclei_Intensity_IntegratedIntensityEdge_ER,0.0,Nuclei,Intensity,IntegratedIntensityEdge,ER,408
Cells_RadialDistribution_ZernikeMagnitude_Mitochondria_6_0,0.0,Cells,RadialDistribution,ZernikeMagnitude,Mitochondria,409
Cells_Correlation_Manders_Hoechst_Actin,0.0,Cells,Correlation,Manders,Hoechst,410
Cells_Intensity_StdIntensity_Hoechst,0.0,Cells,Intensity,StdIntensity,Hoechst,411
Nuclei_RadialDistribution_ZernikeMagnitude_ER_2_0,0.0,Nuclei,RadialDistribution,ZernikeMagnitude,ER,412
Cells_Texture_Correlation_Hoechst_3_00_256,0.0,Cells,Texture,Correlation,Hoechst,413
Nuclei_RadialDistribution_ZernikeMagnitude_Actin_8_2,0.0,Nuclei,RadialDistribution,ZernikeMagnitude,Actin,414
Cytoplasm_Texture_InfoMeas1_PM_3_03_256,0.0,Cytoplasm,Texture,InfoMeas1,PM,415
Cells_AreaShape_Zernike_5_5,0.0,Cells,AreaShape,Zernike,5,416
Nuclei_RadialDistribution_ZernikeMagnitude_ER_3_3,0.0,Nuclei,RadialDistribution,ZernikeMagnitude,ER,417
Cells_AreaShape_MinFeretDiameter,0.0,Cells,AreaShape,MinFeretDiameter,,418
Nuclei_Intensity_LowerQuartileIntensity_ER,0.0,Nuclei,Intensity,LowerQuartileIntensity,ER,419
Nuclei_Texture_InfoMeas1_PM_3_03_256,0.0,Nuclei,Texture,InfoMeas1,PM,420
Cytoplasm_Intensity_StdIntensityEdge_Mitochondria,0.0,Cytoplasm,Intensity,StdIntensityEdge,Mitochondria,421
Nuclei_Correlation_RWC_PM_Hoechst,0.0,Nuclei,Correlation,RWC,PM,422
Cells_Texture_InfoMeas1_Actin_3_02_256,0.0,Cells,Texture,InfoMeas1,Actin,423
Cytoplasm_RadialDistribution_ZernikeMagnitude_Mitochondria_9_3,0.0,Cytoplasm,RadialDistribution,ZernikeMagnitude,Mitochondria,424
Cytoplasm_RadialDistribution_RadialCV_PM_1of4,0.0,Cytoplasm,RadialDistribution,RadialCV,PM,425
Nuclei_Texture_AngularSecondMoment_Hoechst_3_01_256,0.0,Nuclei,Texture,AngularSecondMoment,Hoechst,426
Cytoplasm_RadialDistribution_ZernikeMagnitude_Mitochondria_2_0,0.0,Cytoplasm,RadialDistribution,ZernikeMagnitude,Mitochondria,427
Cytoplasm_RadialDistribution_ZernikeMagnitude_Mitochondria_9_5,0.0,Cytoplasm,RadialDistribution,ZernikeMagnitude,Mitochondria,428
Nuclei_Texture_Correlation_Mitochondria_3_00_256,0.0,Nuclei,Texture,Correlation,Mitochondria,429
Nuclei_AreaShape_Zernike_8_4,0.0,Nuclei,AreaShape,Zernike,8,430
Nuclei_AreaShape_FormFactor,0.0,Nuclei,AreaShape,FormFactor,,431
Cytoplasm_AreaShape_Zernike_4_2,0.0,Cytoplasm,AreaShape,Zernike,4,432
Cytoplasm_Texture_InfoMeas2_Mitochondria_3_03_256,0.0,Cytoplasm,Texture,InfoMeas2,Mitochondria,433
Cells_RadialDistribution_RadialCV_Hoechst_3of4,0.0,Cells,RadialDistribution,RadialCV,Hoechst,434
Cytoplasm_Granularity_2_PM,0.0,Cytoplasm,Granularity,2,PM,435
Cytoplasm_RadialDistribution_MeanFrac_ER_1of4,0.0,Cytoplasm,RadialDistribution,MeanFrac,ER,436
Nuclei_RadialDistribution_ZernikeMagnitude_Hoechst_6_4,0.0,Nuclei,RadialDistribution,ZernikeMagnitude,Hoechst,437
Nuclei_RadialDistribution_ZernikeMagnitude_Hoechst_2_0,0.0,Nuclei,RadialDistribution,ZernikeMagnitude,Hoechst,438
Nuclei_Correlation_RWC_ER_Actin,0.0,Nuclei,Correlation,RWC,ER,439
Cytoplasm_RadialDistribution_ZernikeMagnitude_Hoechst_4_0,0.0,Cytoplasm,RadialDistribution,ZernikeMagnitude,Hoechst,440
Nuclei_Correlation_RWC_PM_ER,0.0,Nuclei,Correlation,RWC,PM,441
Cells_AreaShape_Zernike_9_9,0.0,Cells,AreaShape,Zernike,9,442
Nuclei_RadialDistribution_ZernikeMagnitude_Mitochondria_7_1,0.0,Nuclei,RadialDistribution,ZernikeMagnitude,Mitochondria,443
Cytoplasm_RadialDistribution_RadialCV_ER_3of4,0.0,Cytoplasm,RadialDistribution,RadialCV,ER,444
Cytoplasm_RadialDistribution_ZernikeMagnitude_Mitochondria_6_2,0.0,Cytoplasm,RadialDistribution,ZernikeMagnitude,Mitochondria,445
Cells_RadialDistribution_ZernikeMagnitude_Hoechst_2_0,0.0,Cells,RadialDistribution,ZernikeMagnitude,Hoechst,446
Cytoplasm_Texture_InfoMeas1_Hoechst_3_02_256,0.0,Cytoplasm,Texture,InfoMeas1,Hoechst,447
Cells_AreaShape_Zernike_1_1,0.0,Cells,AreaShape,Zernike,1,448
Cells_RadialDistribution_ZernikeMagnitude_Hoechst_8_0,0.0,Cells,RadialDistribution,ZernikeMagnitude,Hoechst,449
Cytoplasm_RadialDistribution_ZernikeMagnitude_PM_8_4,0.0,Cytoplasm,RadialDistribution,ZernikeMagnitude,PM,450
Cells_Texture_InfoMeas1_Actin_3_01_256,0.0,Cells,Texture,InfoMeas1,Actin,451
Nuclei_RadialDistribution_MeanFrac_Mitochondria_3of4,0.0,Nuclei,RadialDistribution,MeanFrac,Mitochondria,452
Nuclei_Correlation_K_PM_ER,0.0,Nuclei,Correlation,K,PM,453
Cytoplasm_RadialDistribution_FracAtD_PM_2of4,0.0,Cytoplasm,RadialDistribution,FracAtD,PM,454
Nuclei_RadialDistribution_ZernikeMagnitude_PM_7_3,0.0,Nuclei,RadialDistribution,ZernikeMagnitude,PM,455
Nuclei_RadialDistribution_ZernikeMagnitude_Mitochondria_4_4,0.0,Nuclei,RadialDistribution,ZernikeMagnitude,Mitochondria,456
Cells_RadialDistribution_ZernikeMagnitude_Mitochondria_8_8,0.0,Cells,RadialDistribution,ZernikeMagnitude,Mitochondria,457
Cytoplasm_RadialDistribution_MeanFrac_Hoechst_4of4,0.0,Cytoplasm,RadialDistribution,MeanFrac,Hoechst,458
Cytoplasm_Intensity_MaxIntensity_PM,0.0,Cytoplasm,Intensity,MaxIntensity,PM,459
Nuclei_Correlation_K_PM_Mitochondria,0.0,Nuclei,Correlation,K,PM,460
Nuclei_Correlation_Overlap_ER_Hoechst,0.0,Nuclei,Correlation,Overlap,ER,461
Nuclei_Texture_AngularSecondMoment_Mitochondria_3_01_256,0.0,Nuclei,Texture,AngularSecondMoment,Mitochondria,462
Cytoplasm_Correlation_Manders_Mitochondria_Hoechst,0.0,Cytoplasm,Correlation,Manders,Mitochondria,463
Nuclei_RadialDistribution_ZernikeMagnitude_Mitochondria_1_1,0.0,Nuclei,RadialDistribution,ZernikeMagnitude,Mitochondria,464
Cytoplasm_RadialDistribution_ZernikeMagnitude_PM_7_1,0.0,Cytoplasm,RadialDistribution,ZernikeMagnitude,PM,465
Cells_RadialDistribution_RadialCV_Mitochondria_1of4,0.0,Cells,RadialDistribution,RadialCV,Mitochondria,466
Nuclei_Texture_InfoMeas2_Actin_3_01_256,0.0,Nuclei,Texture,InfoMeas2,Actin,467
Cells_Intensity_IntegratedIntensity_ER,0.0,Cells,Intensity,IntegratedIntensity,ER,468
Cytoplasm_Correlation_RWC_Mitochondria_PM,0.0,Cytoplasm,Correlation,RWC,Mitochondria,469
Cytoplasm_Texture_InfoMeas1_Hoechst_3_00_256,0.0,Cytoplasm,Texture,InfoMeas1,Hoechst,470
Cytoplasm_RadialDistribution_FracAtD_Actin_2of4,0.0,Cytoplasm,RadialDistribution,FracAtD,Actin,471
Cells_RadialDistribution_MeanFrac_PM_2of4,0.0,Cells,RadialDistribution,MeanFrac,PM,472
Cytoplasm_RadialDistribution_ZernikeMagnitude_Hoechst_8_2,0.0,Cytoplasm,RadialDistribution,ZernikeMagnitude,Hoechst,473
Nuclei_Correlation_K_PM_Actin,0.0,Nuclei,Correlation,K,PM,474
Cells_RadialDistribution_MeanFrac_Mitochondria_3of4,0.0,Cells,RadialDistribution,MeanFrac,Mitochondria,475
Nuclei_RadialDistribution_FracAtD_Hoechst_4of4,0.0,Nuclei,RadialDistribution,FracAtD,Hoechst,476
Cells_RadialDistribution_MeanFrac_Mitochondria_2of4,0.0,Cells,RadialDistribution,MeanFrac,Mitochondria,477
Nuclei_Correlation_Overlap_Actin_PM,0.0,Nuclei,Correlation,Overlap,Actin,478
Nuclei_Neighbors_AngleBetweenNeighbors_Adjacent,0.0,Nuclei,Neighbors,AngleBetweenNeighbors,Adjacent,479
Nuclei_RadialDistribution_FracAtD_PM_1of4,0.0,Nuclei,RadialDistribution,FracAtD,PM,480
Cytoplasm_RadialDistribution_MeanFrac_Mitochondria_4of4,0.0,Cytoplasm,RadialDistribution,MeanFrac,Mitochondria,481
Nuclei_Correlation_RWC_Actin_ER,0.0,Nuclei,Correlation,RWC,Actin,482
Cells_AreaShape_Zernike_6_6,0.0,Cells,AreaShape,Zernike,6,483
Cells_AreaShape_Zernike_9_5,0.0,Cells,AreaShape,Zernike,9,484
Nuclei_Texture_InfoMeas2_Hoechst_3_03_256,0.0,Nuclei,Texture,InfoMeas2,Hoechst,485
Cytoplasm_Texture_SumVariance_Actin_3_03_256,0.0,Cytoplasm,Texture,SumVariance,Actin,486
Cells_RadialDistribution_ZernikeMagnitude_ER_6_0,0.0,Cells,RadialDistribution,ZernikeMagnitude,ER,487
Cytoplasm_RadialDistribution_ZernikeMagnitude_ER_3_3,0.0,Cytoplasm,RadialDistribution,ZernikeMagnitude,ER,488
Cells_RadialDistribution_ZernikeMagnitude_Actin_3_3,0.0,Cells,RadialDistribution,ZernikeMagnitude,Actin,489
Nuclei_RadialDistribution_ZernikeMagnitude_Hoechst_9_5,0.0,Nuclei,RadialDistribution,ZernikeMagnitude,Hoechst,490
Cytoplasm_RadialDistribution_ZernikeMagnitude_Mitochondria_7_5,0.0,Cytoplasm,RadialDistribution,ZernikeMagnitude,Mitochondria,491
Nuclei_RadialDistribution_ZernikeMagnitude_Mitochondria_4_2,0.0,Nuclei,RadialDistribution,ZernikeMagnitude,Mitochondria,492
Nuclei_AreaShape_Zernike_6_2,0.0,Nuclei,AreaShape,Zernike,6,493
Cells_RadialDistribution_ZernikeMagnitude_Actin_9_9,0.0,Cells,RadialDistribution,ZernikeMagnitude,Actin,494
Cells_RadialDistribution_FracAtD_PM_1of4,0.0,Cells,RadialDistribution,FracAtD,PM,495
Nuclei_Correlation_K_Mitochondria_Hoechst,0.0,Nuclei,Correlation,K,Mitochondria,496
Cytoplasm_RadialDistribution_FracAtD_PM_1of4,0.0,Cytoplasm,RadialDistribution,FracAtD,PM,497
Cells_RadialDistribution_ZernikeMagnitude_Mitochondria_7_1,0.0,Cells,RadialDistribution,ZernikeMagnitude,Mitochondria,498
Cytoplasm_Intensity_MaxIntensity_Mitochondria,0.0,Cytoplasm,Intensity,MaxIntensity,Mitochondria,499
Nuclei_AreaShape_Zernike_1_1,0.0,Nuclei,AreaShape,Zernike,1,500
Nuclei_Texture_Contrast_PM_3_03_256,0.0,Nuclei,Texture,Contrast,PM,501
Cytoplasm_RadialDistribution_MeanFrac_Mitochondria_2of4,0.0,Cytoplasm,RadialDistribution,MeanFrac,Mitochondria,502
Cells_AreaShape_Zernike_2_2,0.0,Cells,AreaShape,Zernike,2,503
Nuclei_AreaShape_Extent,0.0,Nuclei,AreaShape,Extent,,504
Cytoplasm_RadialDistribution_ZernikeMagnitude_ER_7_3,0.0,Cytoplasm,RadialDistribution,ZernikeMagnitude,ER,505
Cytoplasm_Texture_InfoMeas1_Actin_3_00_256,0.0,Cytoplasm,Texture,InfoMeas1,Actin,506
Nuclei_RadialDistribution_MeanFrac_Actin_4of4,0.0,Nuclei,RadialDistribution,MeanFrac,Actin,507
Cells_RadialDistribution_MeanFrac_Actin_1of4,0.0,Cells,RadialDistribution,MeanFrac,Actin,508
Cells_RadialDistribution_ZernikeMagnitude_Hoechst_9_3,0.0,Cells,RadialDistribution,ZernikeMagnitude,Hoechst,509
Nuclei_Texture_Correlation_Hoechst_3_03_256,0.0,Nuclei,Texture,Correlation,Hoechst,510
Nuclei_RadialDistribution_ZernikeMagnitude_ER_4_4,0.0,Nuclei,RadialDistribution,ZernikeMagnitude,ER,511
Nuclei_Intensity_MassDisplacement_Mitochondria,0.0,Nuclei,Intensity,MassDisplacement,Mitochondria,512
Cells_RadialDistribution_FracAtD_Actin_3of4,0.0,Cells,RadialDistribution,FracAtD,Actin,513
Cytoplasm_Intensity_UpperQuartileIntensity_ER,0.0,Cytoplasm,Intensity,UpperQuartileIntensity,ER,514
Nuclei_RadialDistribution_ZernikeMagnitude_ER_5_1,0.0,Nuclei,RadialDistribution,ZernikeMagnitude,ER,515
Nuclei_RadialDistribution_ZernikeMagnitude_PM_6_6,0.0,Nuclei,RadialDistribution,ZernikeMagnitude,PM,516
Cells_Correlation_Correlation_Hoechst_PM,0.0,Cells,Correlation,Correlation,Hoechst,517
Nuclei_RadialDistribution_ZernikeMagnitude_PM_2_0,0.0,Nuclei,RadialDistribution,ZernikeMagnitude,PM,518
Cytoplasm_RadialDistribution_ZernikeMagnitude_Hoechst_9_5,0.0,Cytoplasm,RadialDistribution,ZernikeMagnitude,Hoechst,519
Nuclei_RadialDistribution_RadialCV_Mitochondria_4of4,0.0,Nuclei,RadialDistribution,RadialCV,Mitochondria,520
Cells_Texture_InfoMeas2_Mitochondria_3_01_256,0.0,Cells,Texture,InfoMeas2,Mitochondria,521
Cells_RadialDistribution_ZernikeMagnitude_ER_7_1,0.0,Cells,RadialDistribution,ZernikeMagnitude,ER,522
Cytoplasm_RadialDistribution_ZernikeMagnitude_Mitochondria_3_1,0.0,Cytoplasm,RadialDistribution,ZernikeMagnitude,Mitochondria,523
Cytoplasm_RadialDistribution_ZernikeMagnitude_Hoechst_9_1,0.0,Cytoplasm,RadialDistribution,ZernikeMagnitude,Hoechst,524
Nuclei_Texture_Correlation_ER_3_03_256,0.0,Nuclei,Texture,Correlation,ER,525
Nuclei_RadialDistribution_ZernikeMagnitude_PM_5_3,0.0,Nuclei,RadialDistribution,ZernikeMagnitude,PM,526
Cytoplasm_RadialDistribution_ZernikeMagnitude_Mitochondria_8_2,0.0,Cytoplasm,RadialDistribution,ZernikeMagnitude,Mitochondria,527
Nuclei_Intensity_MADIntensity_Mitochondria,0.0,Nuclei,Intensity,MADIntensity,Mitochondria,528
Cytoplasm_RadialDistribution_ZernikeMagnitude_ER_8_4,0.0,Cytoplasm,RadialDistribution,ZernikeMagnitude,ER,529
Nuclei_Correlation_Correlation_ER_Hoechst,0.0,Nuclei,Correlation,Correlation,ER,530
Nuclei_Texture_DifferenceVariance_Mitochondria_3_00_256,0.0,Nuclei,Texture,DifferenceVariance,Mitochondria,531
Cytoplasm_Texture_InverseDifferenceMoment_ER_3_00_256,0.0,Cytoplasm,Texture,InverseDifferenceMoment,ER,532
Cells_Intensity_MaxIntensityEdge_Hoechst,0.0,Cells,Intensity,MaxIntensityEdge,Hoechst,533
Nuclei_Correlation_Overlap_Actin_Mitochondria,0.0,Nuclei,Correlation,Overlap,Actin,534
Cytoplasm_Texture_Entropy_Mitochondria_3_00_256,0.0,Cytoplasm,Texture,Entropy,Mitochondria,535
Cytoplasm_Texture_DifferenceEntropy_Actin_3_02_256,0.0,Cytoplasm,Texture,DifferenceEntropy,Actin,536
Nuclei_Correlation_Correlation_Actin_Mitochondria,0.0,Nuclei,Correlation,Correlation,Actin,537
Nuclei_Intensity_IntegratedIntensity_PM,0.0,Nuclei,Intensity,IntegratedIntensity,PM,538
Nuclei_RadialDistribution_ZernikeMagnitude_ER_3_1,0.0,Nuclei,RadialDistribution,ZernikeMagnitude,ER,539
Nuclei_Correlation_Correlation_Actin_PM,0.0,Nuclei,Correlation,Correlation,Actin,540
Nuclei_RadialDistribution_ZernikeMagnitude_ER_8_6,0.0,Nuclei,RadialDistribution,ZernikeMagnitude,ER,541
Cytoplasm_RadialDistribution_ZernikeMagnitude_Hoechst_7_1,0.0,Cytoplasm,RadialDistribution,ZernikeMagnitude,Hoechst,542
Nuclei_Texture_Contrast_ER_3_00_256,0.0,Nuclei,Texture,Contrast,ER,543
Nuclei_RadialDistribution_RadialCV_Actin_4of4,0.0,Nuclei,RadialDistribution,RadialCV,Actin,544
Cells_RadialDistribution_ZernikeMagnitude_PM_6_2,0.0,Cells,RadialDistribution,ZernikeMagnitude,PM,545
Cells_RadialDistribution_RadialCV_ER_4of4,0.0,Cells,RadialDistribution,RadialCV,ER,546
Nuclei_Texture_DifferenceEntropy_PM_3_00_256,0.0,Nuclei,Texture,DifferenceEntropy,PM,547
Cytoplasm_RadialDistribution_RadialCV_Actin_4of4,0.0,Cytoplasm,RadialDistribution,RadialCV,Actin,548
Nuclei_Intensity_StdIntensity_Mitochondria,0.0,Nuclei,Intensity,StdIntensity,Mitochondria,549
Cytoplasm_Intensity_MaxIntensityEdge_ER,0.0,Cytoplasm,Intensity,MaxIntensityEdge,ER,550
Cytoplasm_RadialDistribution_MeanFrac_ER_2of4,0.0,Cytoplasm,RadialDistribution,MeanFrac,ER,551
Cells_RadialDistribution_MeanFrac_PM_3of4,0.0,Cells,RadialDistribution,MeanFrac,PM,552
Cells_RadialDistribution_ZernikeMagnitude_Actin_5_5,0.0,Cells,RadialDistribution,ZernikeMagnitude,Actin,553
Nuclei_RadialDistribution_ZernikeMagnitude_ER_7_3,0.0,Nuclei,RadialDistribution,ZernikeMagnitude,ER,554
Nuclei_RadialDistribution_FracAtD_ER_4of4,0.0,Nuclei,RadialDistribution,FracAtD,ER,555
Nuclei_Texture_Correlation_Actin_3_00_256,0.0,Nuclei,Texture,Correlation,Actin,556
Cytoplasm_Texture_Correlation_Hoechst_3_02_256,0.0,Cytoplasm,Texture,Correlation,Hoechst,557
Cytoplasm_RadialDistribution_ZernikeMagnitude_ER_4_0,0.0,Cytoplasm,RadialDistribution,ZernikeMagnitude,ER,558
Nuclei_Intensity_MADIntensity_ER,0.0,Nuclei,Intensity,MADIntensity,ER,559
Nuclei_RadialDistribution_ZernikeMagnitude_PM_5_5,0.0,Nuclei,RadialDistribution,ZernikeMagnitude,PM,560
Cells_RadialDistribution_ZernikeMagnitude_Actin_7_5,0.0,Cells,RadialDistribution,ZernikeMagnitude,Actin,561
Nuclei_RadialDistribution_FracAtD_PM_2of4,0.0,Nuclei,RadialDistribution,FracAtD,PM,562
Cytoplasm_RadialDistribution_ZernikeMagnitude_PM_3_3,0.0,Cytoplasm,RadialDistribution,ZernikeMagnitude,PM,563
Nuclei_RadialDistribution_MeanFrac_Hoechst_1of4,0.0,Nuclei,RadialDistribution,MeanFrac,Hoechst,564
Nuclei_RadialDistribution_ZernikeMagnitude_Mitochondria_7_3,0.0,Nuclei,RadialDistribution,ZernikeMagnitude,Mitochondria,565
Nuclei_Correlation_RWC_Hoechst_Mitochondria,0.0,Nuclei,Correlation,RWC,Hoechst,566
Cytoplasm_RadialDistribution_RadialCV_Mitochondria_3of4,0.0,Cytoplasm,RadialDistribution,RadialCV,Mitochondria,567
Nuclei_Intensity_StdIntensity_PM,0.0,Nuclei,Intensity,StdIntensity,PM,568
Cytoplasm_Texture_DifferenceEntropy_Actin_3_00_256,0.0,Cytoplasm,Texture,DifferenceEntropy,Actin,569
Cytoplasm_RadialDistribution_ZernikeMagnitude_ER_8_0,0.0,Cytoplasm,RadialDistribution,ZernikeMagnitude,ER,570
Cytoplasm_RadialDistribution_RadialCV_PM_4of4,0.0,Cytoplasm,RadialDistribution,RadialCV,PM,571
Cells_Correlation_RWC_Actin_Mitochondria,0.0,Cells,Correlation,RWC,Actin,572
Nuclei_Correlation_K_Mitochondria_PM,0.0,Nuclei,Correlation,K,Mitochondria,573
Nuclei_Intensity_StdIntensityEdge_PM,0.0,Nuclei,Intensity,StdIntensityEdge,PM,574
Cells_Correlation_Manders_PM_Mitochondria,0.0,Cells,Correlation,Manders,PM,575
Cells_RadialDistribution_ZernikeMagnitude_Actin_8_2,0.0,Cells,RadialDistribution,ZernikeMagnitude,Actin,576
Nuclei_RadialDistribution_ZernikeMagnitude_PM_8_6,0.0,Nuclei,RadialDistribution,ZernikeMagnitude,PM,577
Cytoplasm_RadialDistribution_RadialCV_ER_1of4,0.0,Cytoplasm,RadialDistribution,RadialCV,ER,578
Cells_RadialDistribution_ZernikeMagnitude_PM_7_3,0.0,Cells,RadialDistribution,ZernikeMagnitude,PM,579
Cytoplasm_RadialDistribution_ZernikeMagnitude_PM_8_2,0.0,Cytoplasm,RadialDistribution,ZernikeMagnitude,PM,580
Nuclei_Texture_SumVariance_PM_3_03_256,0.0,Nuclei,Texture,SumVariance,PM,581
Cells_RadialDistribution_ZernikeMagnitude_Hoechst_8_2,0.0,Cells,RadialDistribution,ZernikeMagnitude,Hoechst,582
Nuclei_Texture_Entropy_ER_3_01_256,0.0,Nuclei,Texture,Entropy,ER,583
Cytoplasm_RadialDistribution_ZernikeMagnitude_ER_6_4,0.0,Cytoplasm,RadialDistribution,ZernikeMagnitude,ER,584
Cells_AreaShape_Compactness,0.0,Cells,AreaShape,Compactness,,585
Cells_Intensity_MeanIntensity_Hoechst,0.0,Cells,Intensity,MeanIntensity,Hoechst,586
Nuclei_AreaShape_Solidity,0.0,Nuclei,AreaShape,Solidity,,587
Cells_RadialDistribution_ZernikeMagnitude_PM_9_9,0.0,Cells,RadialDistribution,ZernikeMagnitude,PM,588
Nuclei_RadialDistribution_ZernikeMagnitude_PM_6_2,0.0,Nuclei,RadialDistribution,ZernikeMagnitude,PM,589
Cytoplasm_RadialDistribution_ZernikeMagnitude_Mitochondria_4_4,0.0,Cytoplasm,RadialDistribution,ZernikeMagnitude,Mitochondria,590
Nuclei_Correlation_RWC_Hoechst_Actin,0.0,Nuclei,Correlation,RWC,Hoechst,591
Cytoplasm_RadialDistribution_ZernikeMagnitude_PM_9_1,0.0,Cytoplasm,RadialDistribution,ZernikeMagnitude,PM,592
Nuclei_RadialDistribution_ZernikeMagnitude_Mitochondria_3_3,0.0,Nuclei,RadialDistribution,ZernikeMagnitude,Mitochondria,593
Cytoplasm_RadialDistribution_ZernikeMagnitude_ER_6_0,0.0,Cytoplasm,RadialDistribution,ZernikeMagnitude,ER,594
Nuclei_RadialDistribution_ZernikeMagnitude_Hoechst_8_6,0.0,Nuclei,RadialDistribution,ZernikeMagnitude,Hoechst,595
Nuclei_Intensity_MinIntensityEdge_ER,0.0,Nuclei,Intensity,MinIntensityEdge,ER,596
Cytoplasm_Texture_DifferenceEntropy_Actin_3_01_256,0.0,Cytoplasm,Texture,DifferenceEntropy,Actin,597
Cytoplasm_Texture_InfoMeas1_ER_3_00_256,0.0,Cytoplasm,Texture,InfoMeas1,ER,598
Nuclei_Intensity_MaxIntensityEdge_Mitochondria,0.0,Nuclei,Intensity,MaxIntensityEdge,Mitochondria,599
Nuclei_RadialDistribution_ZernikeMagnitude_Hoechst_8_0,0.0,Nuclei,RadialDistribution,ZernikeMagnitude,Hoechst,600
Nuclei_AreaShape_Zernike_3_3,0.0,Nuclei,AreaShape,Zernike,3,601
Nuclei_Correlation_Correlation_ER_Mitochondria,0.0,Nuclei,Correlation,Correlation,ER,602
Cytoplasm_Texture_Correlation_Hoechst_3_00_256,0.0,Cytoplasm,Texture,Correlation,Hoechst,603
Cytoplasm_Texture_Correlation_Mitochondria_3_03_256,0.0,Cytoplasm,Texture,Correlation,Mitochondria,604
Cytoplasm_Intensity_IntegratedIntensity_Mitochondria,0.0,Cytoplasm,Intensity,IntegratedIntensity,Mitochondria,605
Cytoplasm_Texture_Contrast_PM_3_00_256,0.0,Cytoplasm,Texture,Contrast,PM,606
Cytoplasm_RadialDistribution_MeanFrac_ER_3of4,0.0,Cytoplasm,RadialDistribution,MeanFrac,ER,607
Nuclei_Intensity_IntegratedIntensityEdge_Mitochondria,0.0,Nuclei,Intensity,IntegratedIntensityEdge,Mitochondria,608
Cytoplasm_Intensity_StdIntensityEdge_ER,0.0,Cytoplasm,Intensity,StdIntensityEdge,ER,609
Cytoplasm_RadialDistribution_ZernikeMagnitude_ER_6_2,0.0,Cytoplasm,RadialDistribution,ZernikeMagnitude,ER,610
Nuclei_Correlation_RWC_Mitochondria_Actin,0.0,Nuclei,Correlation,RWC,Mitochondria,611
Cells_Correlation_RWC_ER_Hoechst,0.0,Cells,Correlation,RWC,ER,612
Cytoplasm_Texture_Correlation_Mitochondria_3_02_256,0.0,Cytoplasm,Texture,Correlation,Mitochondria,613
Nuclei_Intensity_LowerQuartileIntensity_Actin,0.0,Nuclei,Intensity,LowerQuartileIntensity,Actin,614
Cells_Intensity_StdIntensityEdge_Mitochondria,0.0,Cells,Intensity,StdIntensityEdge,Mitochondria,615
Cytoplasm_AreaShape_Zernike_8_6,0.0,Cytoplasm,AreaShape,Zernike,8,616
Cells_RadialDistribution_MeanFrac_Hoechst_4of4,0.0,Cells,RadialDistribution,MeanFrac,Hoechst,617
Nuclei_RadialDistribution_ZernikeMagnitude_Actin_9_1,0.0,Nuclei,RadialDistribution,ZernikeMagnitude,Actin,618
Nuclei_RadialDistribution_ZernikeMagnitude_Hoechst_3_1,0.0,Nuclei,RadialDistribution,ZernikeMagnitude,Hoechst,619
Nuclei_RadialDistribution_ZernikeMagnitude_ER_6_2,0.0,Nuclei,RadialDistribution,ZernikeMagnitude,ER,620
Nuclei_Texture_SumVariance_Hoechst_3_01_256,0.0,Nuclei,Texture,SumVariance,Hoechst,621
Nuclei_Intensity_MassDisplacement_Actin,0.0,Nuclei,Intensity,MassDisplacement,Actin,622
Nuclei_RadialDistribution_ZernikeMagnitude_ER_9_5,0.0,Nuclei,RadialDistribution,ZernikeMagnitude,ER,623
Cytoplasm_Texture_InfoMeas2_Hoechst_3_03_256,0.0,Cytoplasm,Texture,InfoMeas2,Hoechst,624
Cells_RadialDistribution_ZernikeMagnitude_PM_9_3,0.0,Cells,RadialDistribution,ZernikeMagnitude,PM,625
Cytoplasm_RadialDistribution_MeanFrac_PM_3of4,0.0,Cytoplasm,RadialDistribution,MeanFrac,PM,626
Cytoplasm_RadialDistribution_ZernikeMagnitude_Hoechst_9_3,0.0,Cytoplasm,RadialDistribution,ZernikeMagnitude,Hoechst,627
Nuclei_Texture_InverseDifferenceMoment_Actin_3_02_256,0.0,Nuclei,Texture,InverseDifferenceMoment,Actin,628
Cells_RadialDistribution_ZernikeMagnitude_Mitochondria_9_1,0.0,Cells,RadialDistribution,ZernikeMagnitude,Mitochondria,629
Cytoplasm_RadialDistribution_ZernikeMagnitude_Hoechst_6_2,0.0,Cytoplasm,RadialDistribution,ZernikeMagnitude,Hoechst,630
Cytoplasm_Texture_InfoMeas2_ER_3_00_256,0.0,Cytoplasm,Texture,InfoMeas2,ER,631
Cells_RadialDistribution_RadialCV_Mitochondria_2of4,0.0,Cells,RadialDistribution,RadialCV,Mitochondria,632
Cytoplasm_Texture_Correlation_ER_3_00_256,0.0,Cytoplasm,Texture,Correlation,ER,633
Nuclei_RadialDistribution_ZernikeMagnitude_Actin_3_3,0.0,Nuclei,RadialDistribution,ZernikeMagnitude,Actin,634
Nuclei_RadialDistribution_ZernikeMagnitude_PM_9_7,0.0,Nuclei,RadialDistribution,ZernikeMagnitude,PM,635
Nuclei_RadialDistribution_ZernikeMagnitude_Hoechst_8_2,0.0,Nuclei,RadialDistribution,ZernikeMagnitude,Hoechst,636
Cytoplasm_Texture_InfoMeas2_ER_3_02_256,0.0,Cytoplasm,Texture,InfoMeas2,ER,637
Cytoplasm_Intensity_MassDisplacement_Hoechst,0.0,Cytoplasm,Intensity,MassDisplacement,Hoechst,638
Cytoplasm_RadialDistribution_MeanFrac_Mitochondria_1of4,0.0,Cytoplasm,RadialDistribution,MeanFrac,Mitochondria,639
Cells_RadialDistribution_ZernikeMagnitude_ER_9_1,0.0,Cells,RadialDistribution,ZernikeMagnitude,ER,640
Nuclei_Texture_InverseDifferenceMoment_ER_3_00_256,0.0,Nuclei,Texture,InverseDifferenceMoment,ER,641
Nuclei_Correlation_K_Actin_ER,0.0,Nuclei,Correlation,K,Actin,642
Cytoplasm_RadialDistribution_ZernikeMagnitude_ER_7_5,0.0,Cytoplasm,RadialDistribution,ZernikeMagnitude,ER,643
Cells_RadialDistribution_ZernikeMagnitude_PM_9_1,0.0,Cells,RadialDistribution,ZernikeMagnitude,PM,644
Cells_RadialDistribution_ZernikeMagnitude_PM_4_0,0.0,Cells,RadialDistribution,ZernikeMagnitude,PM,645
Nuclei_AreaShape_Zernike_3_1,0.0,Nuclei,AreaShape,Zernike,3,646
Cytoplasm_Texture_SumVariance_ER_3_01_256,0.0,Cytoplasm,Texture,SumVariance,ER,647
Nuclei_RadialDistribution_ZernikeMagnitude_ER_8_8,0.0,Nuclei,RadialDistribution,ZernikeMagnitude,ER,648
Cells_Texture_InfoMeas1_Hoechst_3_03_256,0.0,Cells,Texture,InfoMeas1,Hoechst,649
Cytoplasm_Texture_InfoMeas1_Hoechst_3_01_256,0.0,Cytoplasm,Texture,InfoMeas1,Hoechst,650
Cells_RadialDistribution_ZernikeMagnitude_Mitochondria_7_7,0.0,Cells,RadialDistribution,ZernikeMagnitude,Mitochondria,651
Cytoplasm_Intensity_StdIntensityEdge_Hoechst,0.0,Cytoplasm,Intensity,StdIntensityEdge,Hoechst,652
Cells_RadialDistribution_MeanFrac_Mitochondria_4of4,0.0,Cells,RadialDistribution,MeanFrac,Mitochondria,653
Cytoplasm_Intensity_MassDisplacement_Mitochondria,0.0,Cytoplasm,Intensity,MassDisplacement,Mitochondria,654
Cytoplasm_AreaShape_Zernike_8_0,0.0,Cytoplasm,AreaShape,Zernike,8,655
Nuclei_RadialDistribution_ZernikeMagnitude_Actin_9_3,0.0,Nuclei,RadialDistribution,ZernikeMagnitude,Actin,656
Nuclei_Neighbors_SecondClosestDistance_Adjacent,0.0,Nuclei,Neighbors,SecondClosestDistance,Adjacent,657
Cytoplasm_RadialDistribution_FracAtD_Hoechst_3of4,0.0,Cytoplasm,RadialDistribution,FracAtD,Hoechst,658
Nuclei_AreaShape_Zernike_9_3,0.0,Nuclei,AreaShape,Zernike,9,659
Cytoplasm_RadialDistribution_FracAtD_PM_3of4,0.0,Cytoplasm,RadialDistribution,FracAtD,PM,660
Cytoplasm_RadialDistribution_ZernikeMagnitude_Mitochondria_4_2,0.0,Cytoplasm,RadialDistribution,ZernikeMagnitude,Mitochondria,661
Nuclei_Granularity_1_Hoechst,0.0,Nuclei,Granularity,1,Hoechst,662
Cytoplasm_RadialDistribution_ZernikeMagnitude_Mitochondria_6_0,0.0,Cytoplasm,RadialDistribution,ZernikeMagnitude,Mitochondria,663
Nuclei_RadialDistribution_ZernikeMagnitude_ER_9_3,0.0,Nuclei,RadialDistribution,ZernikeMagnitude,ER,664
Nuclei_RadialDistribution_ZernikeMagnitude_Hoechst_5_5,0.0,Nuclei,RadialDistribution,ZernikeMagnitude,Hoechst,665
Nuclei_RadialDistribution_ZernikeMagnitude_PM_9_5,0.0,Nuclei,RadialDistribution,ZernikeMagnitude,PM,666
Cytoplasm_RadialDistribution_ZernikeMagnitude_Hoechst_7_3,0.0,Cytoplasm,RadialDistribution,ZernikeMagnitude,Hoechst,667
Cells_RadialDistribution_ZernikeMagnitude_Actin_8_6,0.0,Cells,RadialDistribution,ZernikeMagnitude,Actin,668
Nuclei_RadialDistribution_MeanFrac_PM_4of4,0.0,Nuclei,RadialDistribution,MeanFrac,PM,669
Cytoplasm_RadialDistribution_ZernikeMagnitude_Actin_5_3,0.0,Cytoplasm,RadialDistribution,ZernikeMagnitude,Actin,670
Nuclei_RadialDistribution_ZernikeMagnitude_Actin_4_4,0.0,Nuclei,RadialDistribution,ZernikeMagnitude,Actin,671
Cytoplasm_RadialDistribution_MeanFrac_ER_4of4,0.0,Cytoplasm,RadialDistribution,MeanFrac,ER,672
Cells_RadialDistribution_ZernikeMagnitude_Mitochondria_9_3,0.0,Cells,RadialDistribution,ZernikeMagnitude,Mitochondria,673
Cells_RadialDistribution_RadialCV_Hoechst_4of4,0.0,Cells,RadialDistribution,RadialCV,Hoechst,674
Cytoplasm_Texture_Contrast_ER_3_03_256,0.0,Cytoplasm,Texture,Contrast,ER,675
Cells_RadialDistribution_RadialCV_PM_4of4,0.0,Cells,RadialDistribution,RadialCV,PM,676
Cytoplasm_RadialDistribution_ZernikeMagnitude_PM_5_1,0.0,Cytoplasm,RadialDistribution,ZernikeMagnitude,PM,677
Nuclei_Intensity_LowerQuartileIntensity_Mitochondria,0.0,Nuclei,Intensity,LowerQuartileIntensity,Mitochondria,678
Nuclei_RadialDistribution_ZernikeMagnitude_PM_8_8,0.0,Nuclei,RadialDistribution,ZernikeMagnitude,PM,679
Nuclei_Texture_InfoMeas1_ER_3_03_256,0.0,Nuclei,Texture,InfoMeas1,ER,680
Cytoplasm_Intensity_MassDisplacement_ER,0.0,Cytoplasm,Intensity,MassDisplacement,ER,681
Cytoplasm_Texture_Correlation_ER_3_01_256,0.0,Cytoplasm,Texture,Correlation,ER,682
Cytoplasm_RadialDistribution_ZernikeMagnitude_ER_9_5,0.0,Cytoplasm,RadialDistribution,ZernikeMagnitude,ER,683
Nuclei_AreaShape_Zernike_4_2,0.0,Nuclei,AreaShape,Zernike,4,684
Nuclei_Texture_Correlation_Mitochondria_3_02_256,0.0,Nuclei,Texture,Correlation,Mitochondria,685
Cytoplasm_RadialDistribution_ZernikeMagnitude_ER_9_3,0.0,Cytoplasm,RadialDistribution,ZernikeMagnitude,ER,686
Nuclei_RadialDistribution_ZernikeMagnitude_Actin_8_4,0.0,Nuclei,RadialDistribution,ZernikeMagnitude,Actin,687
Cytoplasm_AreaShape_Zernike_6_2,0.0,Cytoplasm,AreaShape,Zernike,6,688
Cytoplasm_Texture_Correlation_PM_3_01_256,0.0,Cytoplasm,Texture,Correlation,PM,689
Nuclei_Texture_Correlation_Actin_3_02_256,0.0,Nuclei,Texture,Correlation,Actin,690
Cells_Intensity_MaxIntensity_Hoechst,0.0,Cells,Intensity,MaxIntensity,Hoechst,691
Nuclei_Texture_InfoMeas2_Mitochondria_3_00_256,0.0,Nuclei,Texture,InfoMeas2,Mitochondria,692
Cells_RadialDistribution_ZernikeMagnitude_Actin_6_2,0.0,Cells,RadialDistribution,ZernikeMagnitude,Actin,693
Cells_Neighbors_FirstClosestDistance_Adjacent,0.0,Cells,Neighbors,FirstClosestDistance,Adjacent,694
Cytoplasm_RadialDistribution_ZernikeMagnitude_Mitochondria_4_0,0.0,Cytoplasm,RadialDistribution,ZernikeMagnitude,Mitochondria,695
Nuclei_RadialDistribution_ZernikeMagnitude_Hoechst_9_3,0.0,Nuclei,RadialDistribution,ZernikeMagnitude,Hoechst,696
Nuclei_Texture_InfoMeas1_Hoechst_3_01_256,0.0,Nuclei,Texture,InfoMeas1,Hoechst,697
Nuclei_Correlation_RWC_Actin_Mitochondria,0.0,Nuclei,Correlation,RWC,Actin,698
Nuclei_AreaShape_Zernike_5_3,0.0,Nuclei,AreaShape,Zernike,5,699
Nuclei_AreaShape_Zernike_7_3,0.0,Nuclei,AreaShape,Zernike,7,700
Nuclei_RadialDistribution_ZernikeMagnitude_Actin_6_4,0.0,Nuclei,RadialDistribution,ZernikeMagnitude,Actin,701
Cytoplasm_RadialDistribution_ZernikeMagnitude_Actin_8_2,0.0,Cytoplasm,RadialDistribution,ZernikeMagnitude,Actin,702
Cells_Texture_Correlation_Hoechst_3_02_256,0.0,Cells,Texture,Correlation,Hoechst,703
Cytoplasm_RadialDistribution_FracAtD_Hoechst_4of4,0.0,Cytoplasm,RadialDistribution,FracAtD,Hoechst,704
Cells_Intensity_MeanIntensityEdge_PM,0.0,Cells,Intensity,MeanIntensityEdge,PM,705
Nuclei_RadialDistribution_RadialCV_ER_3of4,0.0,Nuclei,RadialDistribution,RadialCV,ER,706
Cytoplasm_RadialDistribution_ZernikeMagnitude_PM_1_1,0.0,Cytoplasm,RadialDistribution,ZernikeMagnitude,PM,707
Nuclei_RadialDistribution_ZernikeMagnitude_Mitochondria_9_7,0.0,Nuclei,RadialDistribution,ZernikeMagnitude,Mitochondria,708
Cells_AreaShape_Zernike_8_0,0.0,Cells,AreaShape,Zernike,8,709
Nuclei_Correlation_K_Actin_PM,0.0,Nuclei,Correlation,K,Actin,710
Cytoplasm_Intensity_MaxIntensityEdge_Mitochondria,0.0,Cytoplasm,Intensity,MaxIntensityEdge,Mitochondria,711
Cytoplasm_Texture_InfoMeas1_Hoechst_3_03_256,0.0,Cytoplasm,Texture,InfoMeas1,Hoechst,712
Cytoplasm_RadialDistribution_ZernikeMagnitude_PM_6_0,0.0,Cytoplasm,RadialDistribution,ZernikeMagnitude,PM,713
Nuclei_RadialDistribution_ZernikeMagnitude_Hoechst_8_8,0.0,Nuclei,RadialDistribution,ZernikeMagnitude,Hoechst,714
Cells_RadialDistribution_ZernikeMagnitude_Hoechst_6_0,0.0,Cells,RadialDistribution,ZernikeMagnitude,Hoechst,715
Cytoplasm_Intensity_LowerQuartileIntensity_Mitochondria,0.0,Cytoplasm,Intensity,LowerQuartileIntensity,Mitochondria,716
Cytoplasm_Intensity_IntegratedIntensity_PM,0.0,Cytoplasm,Intensity,IntegratedIntensity,PM,717
Nuclei_Correlation_K_Mitochondria_ER,0.0,Nuclei,Correlation,K,Mitochondria,718
Nuclei_Texture_InfoMeas2_Mitochondria_3_02_256,0.0,Nuclei,Texture,InfoMeas2,Mitochondria,719
Cytoplasm_Intensity_MeanIntensityEdge_Hoechst,0.0,Cytoplasm,Intensity,MeanIntensityEdge,Hoechst,720
Nuclei_RadialDistribution_ZernikeMagnitude_ER_9_9,0.0,Nuclei,RadialDistribution,ZernikeMagnitude,ER,721
Cytoplasm_AreaShape_Zernike_5_1,0.0,Cytoplasm,AreaShape,Zernike,5,722
Cells_RadialDistribution_ZernikeMagnitude_ER_9_9,0.0,Cells,RadialDistribution,ZernikeMagnitude,ER,723
Cytoplasm_RadialDistribution_ZernikeMagnitude_PM_2_2,0.0,Cytoplasm,RadialDistribution,ZernikeMagnitude,PM,724
Nuclei_Texture_Contrast_Mitochondria_3_03_256,0.0,Nuclei,Texture,Contrast,Mitochondria,725
Cytoplasm_Texture_InfoMeas2_Hoechst_3_01_256,0.0,Cytoplasm,Texture,InfoMeas2,Hoechst,726
Cytoplasm_RadialDistribution_ZernikeMagnitude_Mitochondria_5_3,0.0,Cytoplasm,RadialDistribution,ZernikeMagnitude,Mitochondria,727
Cells_RadialDistribution_ZernikeMagnitude_PM_8_6,0.0,Cells,RadialDistribution,ZernikeMagnitude,PM,728
Nuclei_RadialDistribution_ZernikeMagnitude_Hoechst_7_7,0.0,Nuclei,RadialDistribution,ZernikeMagnitude,Hoechst,729
Cytoplasm_RadialDistribution_MeanFrac_Hoechst_1of4,0.0,Cytoplasm,RadialDistribution,MeanFrac,Hoechst,730
Nuclei_Texture_InfoMeas2_Actin_3_03_256,0.0,Nuclei,Texture,InfoMeas2,Actin,731
Nuclei_Texture_InverseDifferenceMoment_Actin_3_00_256,0.0,Nuclei,Texture,InverseDifferenceMoment,Actin,732
Cytoplasm_RadialDistribution_MeanFrac_PM_4of4,0.0,Cytoplasm,RadialDistribution,MeanFrac,PM,733
Cytoplasm_Correlation_Correlation_Actin_Hoechst,0.0,Cytoplasm,Correlation,Correlation,Actin,734
Nuclei_RadialDistribution_ZernikeMagnitude_ER_5_3,0.0,Nuclei,RadialDistribution,ZernikeMagnitude,ER,735
Cells_Correlation_RWC_Actin_ER,0.0,Cells,Correlation,RWC,Actin,736
Cells_Intensity_UpperQuartileIntensity_Hoechst,0.0,Cells,Intensity,UpperQuartileIntensity,Hoechst,737
Nuclei_RadialDistribution_MeanFrac_ER_1of4,0.0,Nuclei,RadialDistribution,MeanFrac,ER,738
Cells_Intensity_MassDisplacement_PM,0.0,Cells,Intensity,MassDisplacement,PM,739
Nuclei_Texture_Contrast_Actin_3_02_256,0.0,Nuclei,Texture,Contrast,Actin,740
Cytoplasm_RadialDistribution_ZernikeMagnitude_ER_2_2,0.0,Cytoplasm,RadialDistribution,ZernikeMagnitude,ER,741
Cells_RadialDistribution_ZernikeMagnitude_Actin_9_3,0.0,Cells,RadialDistribution,ZernikeMagnitude,Actin,742
Nuclei_AreaShape_Zernike_4_0,0.0,Nuclei,AreaShape,Zernike,4,743
Cells_RadialDistribution_RadialCV_ER_3of4,0.0,Cells,RadialDistribution,RadialCV,ER,744
Cytoplasm_RadialDistribution_RadialCV_Mitochondria_2of4,0.0,Cytoplasm,RadialDistribution,RadialCV,Mitochondria,745
Cells_AreaShape_Zernike_5_1,0.0,Cells,AreaShape,Zernike,5,746
Nuclei_Texture_AngularSecondMoment_ER_3_01_256,0.0,Nuclei,Texture,AngularSecondMoment,ER,747
Cytoplasm_RadialDistribution_ZernikeMagnitude_Actin_7_1,0.0,Cytoplasm,RadialDistribution,ZernikeMagnitude,Actin,748
Nuclei_Neighbors_FirstClosestDistance_Adjacent,0.0,Nuclei,Neighbors,FirstClosestDistance,Adjacent,749
Cytoplasm_Texture_Correlation_Mitochondria_3_01_256,0.0,Cytoplasm,Texture,Correlation,Mitochondria,750
Nuclei_RadialDistribution_ZernikeMagnitude_Mitochondria_9_9,0.0,Nuclei,RadialDistribution,ZernikeMagnitude,Mitochondria,751
Nuclei_AreaShape_Zernike_2_0,0.0,Nuclei,AreaShape,Zernike,2,752
Nuclei_AreaShape_Zernike_6_6,0.0,Nuclei,AreaShape,Zernike,6,753
Cells_RadialDistribution_RadialCV_Hoechst_1of4,0.0,Cells,RadialDistribution,RadialCV,Hoechst,754
Nuclei_Correlation_Overlap_Actin_Hoechst,0.0,Nuclei,Correlation,Overlap,Actin,755
Cytoplasm_RadialDistribution_ZernikeMagnitude_Actin_4_0,0.0,Cytoplasm,RadialDistribution,ZernikeMagnitude,Actin,756
Cytoplasm_Intensity_LowerQuartileIntensity_ER,0.0,Cytoplasm,Intensity,LowerQuartileIntensity,ER,757
Nuclei_Texture_Correlation_Mitochondria_3_03_256,0.0,Nuclei,Texture,Correlation,Mitochondria,758
Cells_Correlation_Correlation_Hoechst_Mitochondria,0.0,Cells,Correlation,Correlation,Hoechst,759
Cells_Intensity_MaxIntensityEdge_ER,0.0,Cells,Intensity,MaxIntensityEdge,ER,760
Nuclei_Texture_DifferenceEntropy_Actin_3_02_256,0.0,Nuclei,Texture,DifferenceEntropy,Actin,761
Cytoplasm_Texture_Contrast_ER_3_01_256,0.0,Cytoplasm,Texture,Contrast,ER,762
Cytoplasm_Granularity_2_Hoechst,0.0,Cytoplasm,Granularity,2,Hoechst,763
Nuclei_Intensity_MADIntensity_Actin,0.0,Nuclei,Intensity,MADIntensity,Actin,764
Cytoplasm_RadialDistribution_ZernikeMagnitude_PM_4_4,0.0,Cytoplasm,RadialDistribution,ZernikeMagnitude,PM,765
Nuclei_AreaShape_Zernike_4_4,0.0,Nuclei,AreaShape,Zernike,4,766
Cytoplasm_RadialDistribution_ZernikeMagnitude_ER_9_1,0.0,Cytoplasm,RadialDistribution,ZernikeMagnitude,ER,767
Nuclei_Correlation_K_ER_PM,-0.0001437958233349048,Nuclei,Correlation,K,ER,768
Cells_RadialDistribution_ZernikeMagnitude_Hoechst_7_1,-0.00027736866154245363,Cells,RadialDistribution,ZernikeMagnitude,Hoechst,769
Cytoplasm_Correlation_RWC_PM_ER,-0.0003767834915125724,Cytoplasm,Correlation,RWC,PM,770
Cells_AreaShape_Zernike_7_1,-0.001047579588086197,Cells,AreaShape,Zernike,7,771
Cytoplasm_RadialDistribution_ZernikeMagnitude_ER_4_2,-0.001850168183485951,Cytoplasm,RadialDistribution,ZernikeMagnitude,ER,772
Nuclei_AreaShape_Zernike_6_0,-0.002506930095886206,Nuclei,AreaShape,Zernike,6,773
Nuclei_Correlation_Overlap_ER_PM,-0.0029242313083747426,Nuclei,Correlation,Overlap,ER,774
Cytoplasm_RadialDistribution_ZernikeMagnitude_PM_8_0,-0.003251103082216783,Cytoplasm,RadialDistribution,ZernikeMagnitude,PM,775
Nuclei_RadialDistribution_ZernikeMagnitude_Actin_9_9,-0.003482974135558005,Nuclei,RadialDistribution,ZernikeMagnitude,Actin,776
Nuclei_AreaShape_Zernike_7_7,-0.0038651723776190086,Nuclei,AreaShape,Zernike,7,777
Cytoplasm_RadialDistribution_ZernikeMagnitude_ER_3_1,-0.00458103446022503,Cytoplasm,RadialDistribution,ZernikeMagnitude,ER,778
Cells_RadialDistribution_ZernikeMagnitude_Actin_6_4,-0.004715458124083836,Cells,RadialDistribution,ZernikeMagnitude,Actin,779
Nuclei_RadialDistribution_ZernikeMagnitude_Actin_4_0,-0.006479932461841591,Nuclei,RadialDistribution,ZernikeMagnitude,Actin,780
Cells_RadialDistribution_RadialCV_ER_2of4,-0.007135593980810623,Cells,RadialDistribution,RadialCV,ER,781
Cells_RadialDistribution_ZernikeMagnitude_Hoechst_9_9,-0.007182999693043581,Cells,RadialDistribution,ZernikeMagnitude,Hoechst,782
Cells_RadialDistribution_ZernikeMagnitude_PM_7_1,-0.007912028000767181,Cells,RadialDistribution,ZernikeMagnitude,PM,783
Cells_Correlation_RWC_PM_ER,-0.00836697418560901,Cells,Correlation,RWC,PM,784
Cells_Neighbors_SecondClosestDistance_Adjacent,-0.009827746048845978,Cells,Neighbors,SecondClosestDistance,Adjacent,785
Nuclei_RadialDistribution_ZernikeMagnitude_PM_2_2,-0.010904117031348502,Nuclei,RadialDistribution,ZernikeMagnitude,PM,786
Cytoplasm_Texture_DifferenceEntropy_ER_3_00_256,-0.011807403629685274,Cytoplasm,Texture,DifferenceEntropy,ER,787
Cells_RadialDistribution_MeanFrac_Hoechst_2of4,-0.011817665212161762,Cells,RadialDistribution,MeanFrac,Hoechst,788
Nuclei_RadialDistribution_ZernikeMagnitude_Hoechst_5_3,-0.012156885808328133,Nuclei,RadialDistribution,ZernikeMagnitude,Hoechst,789
Nuclei_RadialDistribution_ZernikeMagnitude_Hoechst_7_5,-0.012186342474322714,Nuclei,RadialDistribution,ZernikeMagnitude,Hoechst,790
Cells_RadialDistribution_ZernikeMagnitude_Actin_9_5,-0.012746706028653545,Cells,RadialDistribution,ZernikeMagnitude,Actin,791
Nuclei_RadialDistribution_ZernikeMagnitude_Actin_6_2,-0.012864643143771401,Nuclei,RadialDistribution,ZernikeMagnitude,Actin,792
Cytoplasm_Texture_DifferenceEntropy_ER_3_03_256,-0.012990974063162596,Cytoplasm,Texture,DifferenceEntropy,ER,793
Nuclei_RadialDistribution_ZernikeMagnitude_Mitochondria_9_1,-0.013143580994349847,Nuclei,RadialDistribution,ZernikeMagnitude,Mitochondria,794
Nuclei_RadialDistribution_ZernikeMagnitude_Hoechst_6_0,-0.013438828246902203,Nuclei,RadialDistribution,ZernikeMagnitude,Hoechst,795
Nuclei_AreaShape_Zernike_9_1,-0.013855357860803098,Nuclei,AreaShape,Zernike,9,796
Cells_AreaShape_Zernike_5_3,-0.014000495667317368,Cells,AreaShape,Zernike,5,797
Nuclei_Correlation_K_Mitochondria_Actin,-0.01550849797585581,Nuclei,Correlation,K,Mitochondria,798
Cytoplasm_RadialDistribution_ZernikeMagnitude_ER_5_1,-0.016111510822688344,Cytoplasm,RadialDistribution,ZernikeMagnitude,ER,799
Nuclei_RadialDistribution_FracAtD_Mitochondria_2of4,-0.01666503276158619,Nuclei,RadialDistribution,FracAtD,Mitochondria,800
Nuclei_Texture_InverseDifferenceMoment_PM_3_00_256,-0.016812101527449143,Nuclei,Texture,InverseDifferenceMoment,PM,801
Nuclei_Texture_Correlation_Actin_3_01_256,-0.017721641685476436,Nuclei,Texture,Correlation,Actin,802
Nuclei_RadialDistribution_ZernikeMagnitude_PM_6_0,-0.019172022424942314,Nuclei,RadialDistribution,ZernikeMagnitude,PM,803
Nuclei_RadialDistribution_ZernikeMagnitude_PM_7_1,-0.019512266858403973,Nuclei,RadialDistribution,ZernikeMagnitude,PM,804
Nuclei_Intensity_MaxIntensityEdge_PM,-0.020196401749950275,Nuclei,Intensity,MaxIntensityEdge,PM,805
Cytoplasm_AreaShape_Zernike_9_3,-0.020578359415243445,Cytoplasm,AreaShape,Zernike,9,806
Cells_RadialDistribution_FracAtD_Actin_4of4,-0.020718471481745843,Cells,RadialDistribution,FracAtD,Actin,807
Cytoplasm_Intensity_MassDisplacement_Actin,-0.021263929426180595,Cytoplasm,Intensity,MassDisplacement,Actin,808
Cells_RadialDistribution_ZernikeMagnitude_Actin_7_7,-0.021388600335991853,Cells,RadialDistribution,ZernikeMagnitude,Actin,809
Nuclei_RadialDistribution_ZernikeMagnitude_PM_1_1,-0.021519041385054043,Nuclei,RadialDistribution,ZernikeMagnitude,PM,810
Cells_Correlation_K_Hoechst_ER,-0.022607568942905745,Cells,Correlation,K,Hoechst,811
Cells_RadialDistribution_MeanFrac_PM_1of4,-0.02273452848895273,Cells,RadialDistribution,MeanFrac,PM,812
Cytoplasm_Texture_InfoMeas1_ER_3_01_256,-0.02340561773374678,Cytoplasm,Texture,InfoMeas1,ER,813
Nuclei_RadialDistribution_ZernikeMagnitude_Actin_5_3,-0.023803962406863572,Nuclei,RadialDistribution,ZernikeMagnitude,Actin,814
Cells_RadialDistribution_RadialCV_Actin_1of4,-0.024091198438806073,Cells,RadialDistribution,RadialCV,Actin,815
Cells_Texture_Correlation_Hoechst_3_03_256,-0.024273884314744754,Cells,Texture,Correlation,Hoechst,816
Cells_RadialDistribution_ZernikeMagnitude_Actin_6_6,-0.024604339868917965,Cells,RadialDistribution,ZernikeMagnitude,Actin,817
Nuclei_RadialDistribution_FracAtD_Actin_3of4,-0.025088742008967775,Nuclei,RadialDistribution,FracAtD,Actin,818
Cells_RadialDistribution_ZernikeMagnitude_PM_8_0,-0.02522411455271301,Cells,RadialDistribution,ZernikeMagnitude,PM,819
Cytoplasm_Texture_InfoMeas1_ER_3_02_256,-0.026311574107741518,Cytoplasm,Texture,InfoMeas1,ER,820
Cells_AreaShape_Solidity,-0.026857953652683213,Cells,AreaShape,Solidity,,821
Cytoplasm_Texture_InverseDifferenceMoment_Mitochondria_3_02_256,-0.027378393286999092,Cytoplasm,Texture,InverseDifferenceMoment,Mitochondria,822
Cytoplasm_Texture_Correlation_Hoechst_3_03_256,-0.028272682931661124,Cytoplasm,Texture,Correlation,Hoechst,823
Cells_AreaShape_Zernike_6_2,-0.028337345423325527,Cells,AreaShape,Zernike,6,824
Cytoplasm_AreaShape_MaximumRadius,-0.028604779657641487,Cytoplasm,AreaShape,MaximumRadius,,825
Cells_Texture_InfoMeas2_PM_3_03_256,-0.028956640407985484,Cells,Texture,InfoMeas2,PM,826
Nuclei_RadialDistribution_RadialCV_Actin_3of4,-0.030296765561922602,Nuclei,RadialDistribution,RadialCV,Actin,827
Nuclei_AreaShape_Zernike_7_1,-0.032367244935232686,Nuclei,AreaShape,Zernike,7,828
Cells_Texture_Correlation_Actin_3_01_256,-0.03249822862150519,Cells,Texture,Correlation,Actin,829
Cytoplasm_Texture_DifferenceVariance_Hoechst_3_00_256,-0.03296357327513617,Cytoplasm,Texture,DifferenceVariance,Hoechst,830
Cells_RadialDistribution_MeanFrac_Mitochondria_1of4,-0.03452403626983968,Cells,RadialDistribution,MeanFrac,Mitochondria,831
Nuclei_RadialDistribution_ZernikeMagnitude_Mitochondria_5_1,-0.03470958838935518,Nuclei,RadialDistribution,ZernikeMagnitude,Mitochondria,832
Nuclei_RadialDistribution_ZernikeMagnitude_Mitochondria_8_0,-0.03503366590671373,Nuclei,RadialDistribution,ZernikeMagnitude,Mitochondria,833
Nuclei_RadialDistribution_ZernikeMagnitude_PM_3_1,-0.03528750172093332,Nuclei,RadialDistribution,ZernikeMagnitude,PM,834
Cells_AreaShape_Zernike_6_0,-0.03592846497094921,Cells,AreaShape,Zernike,6,835
Nuclei_RadialDistribution_ZernikeMagnitude_Mitochondria_2_2,-0.0361491143611498,Nuclei,RadialDistribution,ZernikeMagnitude,Mitochondria,836
Nuclei_Texture_InfoMeas2_Mitochondria_3_01_256,-0.03678372729074835,Nuclei,Texture,InfoMeas2,Mitochondria,837
Nuclei_RadialDistribution_MeanFrac_ER_2of4,-0.03722636482111902,Nuclei,RadialDistribution,MeanFrac,ER,838
Nuclei_Texture_Correlation_Mitochondria_3_01_256,-0.037247558243754864,Nuclei,Texture,Correlation,Mitochondria,839
Nuclei_RadialDistribution_ZernikeMagnitude_Actin_8_6,-0.03774929321078974,Nuclei,RadialDistribution,ZernikeMagnitude,Actin,840
Cytoplasm_Texture_InverseDifferenceMoment_Mitochondria_3_01_256,-0.038883597492591564,Cytoplasm,Texture,InverseDifferenceMoment,Mitochondria,841
Cells_RadialDistribution_ZernikeMagnitude_ER_8_0,-0.038922321927363814,Cells,RadialDistribution,ZernikeMagnitude,ER,842
Nuclei_AreaShape_Zernike_0_0,-0.039141927260491614,Nuclei,AreaShape,Zernike,0,843
Nuclei_RadialDistribution_ZernikeMagnitude_Actin_9_7,-0.04054195120383819,Nuclei,RadialDistribution,ZernikeMagnitude,Actin,844
Nuclei_Intensity_MaxIntensity_PM,-0.04103354319437798,Nuclei,Intensity,MaxIntensity,PM,845
Cells_RadialDistribution_ZernikeMagnitude_Actin_8_0,-0.041072604425119806,Cells,RadialDistribution,ZernikeMagnitude,Actin,846
Cytoplasm_Texture_Entropy_ER_3_00_256,-0.04219823502648978,Cytoplasm,Texture,Entropy,ER,847
Cytoplasm_RadialDistribution_MeanFrac_Actin_1of4,-0.042708031810115864,Cytoplasm,RadialDistribution,MeanFrac,Actin,848
Nuclei_Texture_SumVariance_Actin_3_01_256,-0.042860887390125155,Nuclei,Texture,SumVariance,Actin,849
Nuclei_RadialDistribution_ZernikeMagnitude_PM_9_3,-0.043174743547764585,Nuclei,RadialDistribution,ZernikeMagnitude,PM,850
Cytoplasm_Texture_Correlation_Actin_3_03_256,-0.04368546315086517,Cytoplasm,Texture,Correlation,Actin,851
Nuclei_Texture_Correlation_Hoechst_3_00_256,-0.04445980873505967,Nuclei,Texture,Correlation,Hoechst,852
Cells_RadialDistribution_ZernikeMagnitude_Actin_7_3,-0.04644595966200736,Cells,RadialDistribution,ZernikeMagnitude,Actin,853
Cells_AreaShape_Zernike_4_4,-0.047042196211631804,Cells,AreaShape,Zernike,4,854
Nuclei_RadialDistribution_ZernikeMagnitude_Actin_7_5,-0.048101242641862295,Nuclei,RadialDistribution,ZernikeMagnitude,Actin,855
Cytoplasm_RadialDistribution_ZernikeMagnitude_Mitochondria_8_0,-0.0484699106876092,Cytoplasm,RadialDistribution,ZernikeMagnitude,Mitochondria,856
Cytoplasm_Texture_InverseDifferenceMoment_Mitochondria_3_00_256,-0.04910284182849367,Cytoplasm,Texture,InverseDifferenceMoment,Mitochondria,857
Cells_Intensity_IntegratedIntensityEdge_Mitochondria,-0.05086394152958666,Cells,Intensity,IntegratedIntensityEdge,Mitochondria,858
Nuclei_RadialDistribution_ZernikeMagnitude_PM_7_5,-0.05198896838553162,Nuclei,RadialDistribution,ZernikeMagnitude,PM,859
Nuclei_Texture_Correlation_ER_3_01_256,-0.052207236868056464,Nuclei,Texture,Correlation,ER,860
Nuclei_RadialDistribution_ZernikeMagnitude_Mitochondria_6_2,-0.05268194226514406,Nuclei,RadialDistribution,ZernikeMagnitude,Mitochondria,861
Nuclei_Texture_Correlation_Hoechst_3_02_256,-0.05528826836469798,Nuclei,Texture,Correlation,Hoechst,862
Cells_Correlation_Manders_PM_Actin,-0.056849414046790385,Cells,Correlation,Manders,PM,863
Nuclei_RadialDistribution_ZernikeMagnitude_Actin_7_7,-0.05701006240472668,Nuclei,RadialDistribution,ZernikeMagnitude,Actin,864
Cells_RadialDistribution_RadialCV_ER_1of4,-0.05810539794507922,Cells,RadialDistribution,RadialCV,ER,865
Nuclei_RadialDistribution_RadialCV_Hoechst_1of4,-0.058422611640512365,Nuclei,RadialDistribution,RadialCV,Hoechst,866
Cytoplasm_RadialDistribution_FracAtD_Actin_1of4,-0.05867452823102627,Cytoplasm,RadialDistribution,FracAtD,Actin,867
Cytoplasm_Granularity_2_Actin,-0.059376192588746844,Cytoplasm,Granularity,2,Actin,868
Cytoplasm_Texture_Contrast_Mitochondria_3_00_256,-0.06073839375531189,Cytoplasm,Texture,Contrast,Mitochondria,869
Cytoplasm_RadialDistribution_ZernikeMagnitude_Actin_9_1,-0.06131826832414165,Cytoplasm,RadialDistribution,ZernikeMagnitude,Actin,870
Nuclei_AreaShape_Zernike_8_0,-0.06143581226799212,Nuclei,AreaShape,Zernike,8,871
Cells_RadialDistribution_ZernikeMagnitude_Actin_6_0,-0.061487608209312025,Cells,RadialDistribution,ZernikeMagnitude,Actin,872
Nuclei_Intensity_StdIntensityEdge_Hoechst,-0.0624782482159797,Nuclei,Intensity,StdIntensityEdge,Hoechst,873
Nuclei_RadialDistribution_FracAtD_Hoechst_1of4,-0.06256532854601896,Nuclei,RadialDistribution,FracAtD,Hoechst,874
Nuclei_RadialDistribution_ZernikeMagnitude_Hoechst_7_1,-0.06277236457269547,Nuclei,RadialDistribution,ZernikeMagnitude,Hoechst,875
Cytoplasm_RadialDistribution_FracAtD_ER_3of4,-0.06281347468368548,Cytoplasm,RadialDistribution,FracAtD,ER,876
Nuclei_RadialDistribution_RadialCV_Actin_2of4,-0.0638547572655972,Nuclei,RadialDistribution,RadialCV,Actin,877
Cells_Texture_InfoMeas2_PM_3_01_256,-0.0661685116785653,Cells,Texture,InfoMeas2,PM,878
Cytoplasm_Correlation_Correlation_ER_Mitochondria,-0.0661772037676558,Cytoplasm,Correlation,Correlation,ER,879
Nuclei_Texture_Correlation_PM_3_02_256,-0.06817201777608072,Nuclei,Texture,Correlation,PM,880
Nuclei_RadialDistribution_ZernikeMagnitude_Mitochondria_9_3,-0.0696371127274545,Nuclei,RadialDistribution,ZernikeMagnitude,Mitochondria,881
Cells_RadialDistribution_MeanFrac_Hoechst_1of4,-0.06975866552489562,Cells,RadialDistribution,MeanFrac,Hoechst,882
Cells_RadialDistribution_RadialCV_Actin_3of4,-0.07221299811147103,Cells,RadialDistribution,RadialCV,Actin,883
Cytoplasm_RadialDistribution_RadialCV_Actin_3of4,-0.07274670842428879,Cytoplasm,RadialDistribution,RadialCV,Actin,884
Nuclei_RadialDistribution_ZernikeMagnitude_Mitochondria_8_2,-0.07472909447104992,Nuclei,RadialDistribution,ZernikeMagnitude,Mitochondria,885
Cells_RadialDistribution_ZernikeMagnitude_Actin_4_4,-0.07478847114105458,Cells,RadialDistribution,ZernikeMagnitude,Actin,886
Nuclei_RadialDistribution_ZernikeMagnitude_Mitochondria_4_0,-0.07534180504101186,Nuclei,RadialDistribution,ZernikeMagnitude,Mitochondria,887
Nuclei_Correlation_K_ER_Mitochondria,-0.07625503355182679,Nuclei,Correlation,K,ER,888
Nuclei_RadialDistribution_ZernikeMagnitude_ER_6_0,-0.07653119654968793,Nuclei,RadialDistribution,ZernikeMagnitude,ER,889
Cytoplasm_Correlation_RWC_Hoechst_ER,-0.07688603554205681,Cytoplasm,Correlation,RWC,Hoechst,890
Cytoplasm_Texture_InverseDifferenceMoment_Mitochondria_3_03_256,-0.07725603490610743,Cytoplasm,Texture,InverseDifferenceMoment,Mitochondria,891
Cytoplasm_Granularity_3_ER,-0.07958299635460127,Cytoplasm,Granularity,3,ER,892
Nuclei_RadialDistribution_RadialCV_PM_2of4,-0.08066732094731524,Nuclei,RadialDistribution,RadialCV,PM,893
Nuclei_RadialDistribution_ZernikeMagnitude_Actin_6_0,-0.08219313016402502,Nuclei,RadialDistribution,ZernikeMagnitude,Actin,894
Cells_AreaShape_Eccentricity,-0.08224048378276998,Cells,AreaShape,Eccentricity,,895
Nuclei_Texture_InfoMeas1_Actin_3_00_256,-0.083621965339929,Nuclei,Texture,InfoMeas1,Actin,896
Nuclei_Intensity_StdIntensityEdge_Actin,-0.08414490591954477,Nuclei,Intensity,StdIntensityEdge,Actin,897
Nuclei_RadialDistribution_ZernikeMagnitude_PM_8_0,-0.08525873182109395,Nuclei,RadialDistribution,ZernikeMagnitude,PM,898
Cells_Correlation_RWC_Mitochondria_Actin,-0.08830440758221035,Cells,Correlation,RWC,Mitochondria,899
Nuclei_RadialDistribution_ZernikeMagnitude_Mitochondria_8_4,-0.08856451014937539,Nuclei,RadialDistribution,ZernikeMagnitude,Mitochondria,900
Nuclei_AreaShape_Zernike_9_9,-0.08921606141603657,Nuclei,AreaShape,Zernike,9,901
Cells_RadialDistribution_RadialCV_PM_1of4,-0.09067644679261037,Cells,RadialDistribution,RadialCV,PM,902
Cells_RadialDistribution_FracAtD_PM_3of4,-0.0946963869729296,Cells,RadialDistribution,FracAtD,PM,903
Nuclei_Texture_InfoMeas1_Actin_3_02_256,-0.09705881047566904,Nuclei,Texture,InfoMeas1,Actin,904
Cells_RadialDistribution_RadialCV_Mitochondria_4of4,-0.09741924984557691,Cells,RadialDistribution,RadialCV,Mitochondria,905
Nuclei_Texture_Correlation_ER_3_00_256,-0.09936196441826722,Nuclei,Texture,Correlation,ER,906
Nuclei_Granularity_1_Actin,-0.10248761557494943,Nuclei,Granularity,1,Actin,907
Cells_RadialDistribution_ZernikeMagnitude_Hoechst_4_0,-0.10315019741001298,Cells,RadialDistribution,ZernikeMagnitude,Hoechst,908
Cytoplasm_RadialDistribution_MeanFrac_Actin_4of4,-0.1047391372533999,Cytoplasm,RadialDistribution,MeanFrac,Actin,909
Cells_RadialDistribution_MeanFrac_ER_1of4,-0.10738766442723387,Cells,RadialDistribution,MeanFrac,ER,910
Cells_RadialDistribution_MeanFrac_Actin_4of4,-0.10857463971143082,Cells,RadialDistribution,MeanFrac,Actin,911
Cytoplasm_RadialDistribution_ZernikeMagnitude_PM_3_1,-0.10866081305177469,Cytoplasm,RadialDistribution,ZernikeMagnitude,PM,912
Cytoplasm_Intensity_IntegratedIntensity_Actin,-0.10932921898983172,Cytoplasm,Intensity,IntegratedIntensity,Actin,913
Cytoplasm_Texture_DifferenceEntropy_ER_3_01_256,-0.1101489308262393,Cytoplasm,Texture,DifferenceEntropy,ER,914
Nuclei_Correlation_RWC_Hoechst_ER,-0.11033354229855787,Nuclei,Correlation,RWC,Hoechst,915
Cytoplasm_Texture_DifferenceEntropy_PM_3_00_256,-0.1151910139354031,Cytoplasm,Texture,DifferenceEntropy,PM,916
Nuclei_RadialDistribution_ZernikeMagnitude_ER_2_2,-0.11595920222757714,Nuclei,RadialDistribution,ZernikeMagnitude,ER,917
Cytoplasm_Texture_Correlation_Actin_3_02_256,-0.117141156358706,Cytoplasm,Texture,Correlation,Actin,918
Nuclei_Correlation_Correlation_Actin_ER,-0.11739268793237893,Nuclei,Correlation,Correlation,Actin,919
Nuclei_RadialDistribution_RadialCV_PM_1of4,-0.12010677544719396,Nuclei,RadialDistribution,RadialCV,PM,920
Nuclei_RadialDistribution_RadialCV_Hoechst_4of4,-0.12058285459473135,Nuclei,RadialDistribution,RadialCV,Hoechst,921
Cytoplasm_Texture_DifferenceEntropy_ER_3_02_256,-0.12099133077743998,Cytoplasm,Texture,DifferenceEntropy,ER,922
Nuclei_Correlation_RWC_Mitochondria_Hoechst,-0.12129454204867222,Nuclei,Correlation,RWC,Mitochondria,923
Cytoplasm_RadialDistribution_ZernikeMagnitude_Mitochondria_3_3,-0.1242702114623988,Cytoplasm,RadialDistribution,ZernikeMagnitude,Mitochondria,924
Nuclei_Correlation_Overlap_ER_Mitochondria,-0.12678849235818695,Nuclei,Correlation,Overlap,ER,925
Nuclei_Correlation_K_ER_Hoechst,-0.12847043038110637,Nuclei,Correlation,K,ER,926
Cells_RadialDistribution_ZernikeMagnitude_Actin_4_0,-0.12950776670466857,Cells,RadialDistribution,ZernikeMagnitude,Actin,927
Nuclei_Granularity_2_Hoechst,-0.1311399880275679,Nuclei,Granularity,2,Hoechst,928
Nuclei_RadialDistribution_RadialCV_ER_2of4,-0.1326592645681875,Nuclei,RadialDistribution,RadialCV,ER,929
Cytoplasm_Granularity_2_ER,-0.13526564637922214,Cytoplasm,Granularity,2,ER,930
Cytoplasm_RadialDistribution_ZernikeMagnitude_PM_4_2,-0.13811965854654243,Cytoplasm,RadialDistribution,ZernikeMagnitude,PM,931
Cells_Texture_Correlation_PM_3_01_256,-0.13812938435791772,Cells,Texture,Correlation,PM,932
Nuclei_Texture_Correlation_PM_3_00_256,-0.13821863247465094,Nuclei,Texture,Correlation,PM,933
Nuclei_Texture_InverseDifferenceMoment_Mitochondria_3_00_256,-0.13871020498202954,Nuclei,Texture,InverseDifferenceMoment,Mitochondria,934
Cytoplasm_Intensity_MADIntensity_Mitochondria,-0.1431328268188948,Cytoplasm,Intensity,MADIntensity,Mitochondria,935
Nuclei_Correlation_RWC_Actin_PM,-0.14337403299054674,Nuclei,Correlation,RWC,Actin,936
Nuclei_RadialDistribution_ZernikeMagnitude_PM_8_4,-0.14611939116665137,Nuclei,RadialDistribution,ZernikeMagnitude,PM,937
Cells_Texture_InfoMeas2_Hoechst_3_02_256,-0.1500145134363789,Cells,Texture,InfoMeas2,Hoechst,938
Nuclei_Intensity_IntegratedIntensity_Hoechst,-0.15519341443765755,Nuclei,Intensity,IntegratedIntensity,Hoechst,939
Nuclei_Texture_InfoMeas1_PM_3_01_256,-0.15651035751176404,Nuclei,Texture,InfoMeas1,PM,940
Nuclei_RadialDistribution_ZernikeMagnitude_Hoechst_9_1,-0.15690498557789692,Nuclei,RadialDistribution,ZernikeMagnitude,Hoechst,941
Nuclei_RadialDistribution_ZernikeMagnitude_Mitochondria_5_5,-0.15794815994068026,Nuclei,RadialDistribution,ZernikeMagnitude,Mitochondria,942
Cytoplasm_RadialDistribution_RadialCV_ER_2of4,-0.15957137445011335,Cytoplasm,RadialDistribution,RadialCV,ER,943
Nuclei_RadialDistribution_ZernikeMagnitude_Mitochondria_6_0,-0.16148412132177659,Nuclei,RadialDistribution,ZernikeMagnitude,Mitochondria,944
Cytoplasm_Texture_DifferenceVariance_Mitochondria_3_00_256,-0.1616466845001179,Cytoplasm,Texture,DifferenceVariance,Mitochondria,945
Cytoplasm_Texture_Contrast_Mitochondria_3_02_256,-0.16396688835499962,Cytoplasm,Texture,Contrast,Mitochondria,946
Cells_Granularity_1_Actin,-0.16863562050769898,Cells,Granularity,1,Actin,947
Nuclei_Texture_InfoMeas1_Actin_3_03_256,-0.1688666899636399,Nuclei,Texture,InfoMeas1,Actin,948
Cytoplasm_Texture_SumVariance_PM_3_03_256,-0.174818740074343,Cytoplasm,Texture,SumVariance,PM,949
Nuclei_RadialDistribution_ZernikeMagnitude_ER_8_2,-0.17995656146843558,Nuclei,RadialDistribution,ZernikeMagnitude,ER,950
Nuclei_Granularity_1_ER,-0.18929106767667006,Nuclei,Granularity,1,ER,951
Cells_RadialDistribution_RadialCV_PM_3of4,-0.19901391101152646,Cells,RadialDistribution,RadialCV,PM,952
Cytoplasm_Texture_InfoMeas1_PM_3_01_256,-0.20321306121690194,Cytoplasm,Texture,InfoMeas1,PM,953
Nuclei_RadialDistribution_ZernikeMagnitude_Actin_4_2,-0.2081798168970448,Nuclei,RadialDistribution,ZernikeMagnitude,Actin,954
Cytoplasm_Texture_Correlation_Actin_3_00_256,-0.21043458513314528,Cytoplasm,Texture,Correlation,Actin,955
Nuclei_RadialDistribution_ZernikeMagnitude_Actin_3_1,-0.23866027901018932,Nuclei,RadialDistribution,ZernikeMagnitude,Actin,956
Cytoplasm_Granularity_1_ER,-0.2479137783935314,Cytoplasm,Granularity,1,ER,957
Cells_Intensity_IntegratedIntensityEdge_Actin,-0.2567507670244753,Cells,Intensity,IntegratedIntensityEdge,Actin,958
Nuclei_Correlation_RWC_Actin_Hoechst,-0.25814911051607126,Nuclei,Correlation,RWC,Actin,959
Cytoplasm_Texture_InfoMeas1_PM_3_00_256,-0.26911212200877077,Cytoplasm,Texture,InfoMeas1,PM,960
Cells_Intensity_IntegratedIntensityEdge_ER,-0.2709431135743017,Cells,Intensity,IntegratedIntensityEdge,ER,961
Nuclei_Correlation_RWC_PM_Actin,-0.2781360344608763,Nuclei,Correlation,RWC,PM,962
Cytoplasm_Granularity_1_PM,-0.28116086597963935,Cytoplasm,Granularity,1,PM,963
Cells_Correlation_K_ER_Hoechst,-0.2833682012142785,Cells,Correlation,K,ER,964
Nuclei_RadialDistribution_MeanFrac_PM_3of4,-0.30414294569508243,Nuclei,RadialDistribution,MeanFrac,PM,965
Nuclei_Intensity_MinIntensity_Mitochondria,-0.3081500012996272,Nuclei,Intensity,MinIntensity,Mitochondria,966
Cells_Intensity_IntegratedIntensityEdge_PM,-0.34366786215014905,Cells,Intensity,IntegratedIntensityEdge,PM,967
Cytoplasm_Texture_InfoMeas1_PM_3_02_256,-0.37035078038603775,Cytoplasm,Texture,InfoMeas1,PM,968
Nuclei_Correlation_Correlation_Hoechst_PM,-0.38512278706336256,Nuclei,Correlation,Correlation,Hoechst,969
Cytoplasm_Texture_AngularSecondMoment_Mitochondria_3_01_256,-0.3912879878557244,Cytoplasm,Texture,AngularSecondMoment,Mitochondria,970
Nuclei_AreaShape_MajorAxisLength,-0.41638994373037896,Nuclei,AreaShape,MajorAxisLength,,971
Cytoplasm_Intensity_LowerQuartileIntensity_Actin,-0.8180710521415027,Cytoplasm,Intensity,LowerQuartileIntensity,Actin,972
Cells_Intensity_MinIntensityEdge_Actin,-0.8724036415636564,Cells,Intensity,MinIntensityEdge,Actin,973
